City_ID,City,Country,Date,Lat,Lng,Max Temp,Humidity,Cloudiness,Wind Speed
0,Batagay,RU,2019-11-06 15:13:23,67.65,134.64,-8.56,99,100,2.35
1,Mayumba,GA,2019-11-06 15:13:23,-3.44,10.65,81.0,75,7,8.79
2,Barrow,AR,2019-11-06 15:13:24,-38.31,-60.23,80.67,29,0,17.9
3,Laguna,BZ,2019-11-06 15:13:24,16.17,-88.94,78.8,94,40,4.7
4,Hobart,AU,2019-11-06 15:13:24,-42.88,147.33,46.4,67,75,12.75
5,Aschersleben,DE,2019-11-06 15:13:24,51.76,11.46,50.0,87,75,13.87
6,Punta Arenas,CL,2019-11-06 15:13:25,-53.16,-70.91,42.8,80,40,33.33
7,Kapaa,US,2019-11-06 15:08:48,22.08,-159.32,78.8,88,20,9.17
8,Cape Town,ZA,2019-11-06 15:11:14,-33.93,18.42,64.0,77,40,17.22
9,Rikitea,PF,2019-11-06 15:13:25,-23.12,-134.97,75.0,87,53,3.22
10,Mahebourg,MU,2019-11-06 15:13:26,-20.41,57.7,77.0,83,75,6.93
11,Monrovia,LR,2019-11-06 15:13:26,6.33,-10.8,89.6,66,75,9.06
12,Sampit,ID,2019-11-06 15:12:07,-2.54,112.95,75.04,82,100,2.37
13,Santa Isabel,MX,2019-11-06 15:13:27,32.63,-115.58,57.2,35,20,6.93
14,Bluff,AU,2019-11-06 15:13:27,-23.58,149.07,64.2,74,40,6.04
15,Kulashi,GE,2019-11-06 15:13:30,42.21,42.35,60.8,63,0,4.7
16,Lompoc,US,2019-11-06 15:08:48,34.64,-120.46,61.0,93,90,5.17
17,Uige,AO,2019-11-06 15:13:30,-7.61,15.06,77.07,86,100,2.82
18,Dryden,CA,2019-11-06 15:13:30,49.79,-92.84,14.0,85,75,9.17
19,Chuy,UY,2019-11-06 15:13:31,-33.69,-53.46,67.96,54,0,7.4
20,Saint-Philippe,CA,2019-11-06 15:13:31,45.36,-73.48,39.0,40,90,8.05
21,Butaritari,KI,2019-11-06 15:13:32,3.07,172.79,84.33,71,100,8.48
22,Hermanus,ZA,2019-11-06 15:13:32,-34.42,19.24,63.0,81,24,14.0
23,Hasaki,JP,2019-11-06 15:13:32,35.73,140.83,50.0,87,20,1.12
24,Carnarvon,ZA,2019-11-06 15:13:32,-30.97,22.13,77.02,18,24,23.47
25,Ushuaia,AR,2019-11-06 15:13:33,-54.81,-68.31,39.2,100,75,13.87
26,Marawi,PH,2019-11-06 15:13:33,8.0,124.29,77.0,89,87,1.01
27,Athabasca,CA,2019-11-06 15:13:33,54.72,-113.29,9.21,84,0,7.87
28,Hithadhoo,MV,2019-11-06 15:13:33,-0.6,73.08,82.81,69,98,5.66
29,Someshwar,IN,2019-11-06 15:13:34,29.78,79.6,49.14,73,0,3.58
30,Vao,EE,2019-11-06 15:13:34,59.1,26.19,31.93,73,100,10.54
31,Mataura,NZ,2019-11-06 15:13:35,-46.19,168.86,52.0,90,100,1.99
32,Qaanaaq,GL,2019-11-06 15:13:35,77.48,-69.36,2.16,57,0,7.81
33,Mar Del Plata,AR,2019-11-06 15:13:35,-46.43,-67.52,63.68,24,100,35.7
34,Albany,US,2019-11-06 15:13:35,42.65,-73.75,46.99,42,40,11.41
35,Saint George,GR,2019-11-06 15:13:37,39.45,22.34,73.4,49,75,2.59
36,Kaitangata,NZ,2019-11-06 15:13:37,-46.28,169.85,51.01,96,100,3.0
37,Cherskiy,RU,2019-11-06 15:13:37,68.75,161.3,20.41,77,100,6.67
38,Vaini,IN,2019-11-06 15:13:37,15.34,74.49,69.55,98,100,3.22
39,Hilo,US,2019-11-06 15:11:00,19.71,-155.08,73.4,69,1,6.93
40,College,US,2019-11-06 15:13:38,64.86,-147.8,24.8,92,90,2.86
41,Tabuk,PH,2019-11-06 15:13:38,17.41,121.44,73.72,96,99,5.61
42,Ondjiva,AO,2019-11-06 15:13:38,-17.07,15.73,93.06,21,57,5.21
43,Sao Joao Do Piaui,BR,2019-11-06 15:13:39,-8.36,-42.25,99.23,20,4,6.49
44,Ponta Do Sol,BR,2019-11-06 15:13:39,-20.63,-46.0,85.51,52,36,5.53
45,Busselton,AU,2019-11-06 15:13:39,-33.64,115.35,55.99,52,99,14.45
46,Marshall,US,2019-11-06 15:13:39,39.12,-93.2,51.8,87,75,5.82
47,Atar,MR,2019-11-06 15:13:40,20.52,-13.05,85.1,20,33,14.41
48,Palmer,AU,2019-11-06 15:13:40,-34.85,139.16,59.0,82,75,32.21
49,Ribeira Grande,PT,2019-11-06 15:13:41,38.52,-28.7,66.2,59,75,8.05
50,Upernavik,GL,2019-11-06 15:13:41,72.79,-56.15,20.79,94,100,3.51
51,Kondagaon,IN,2019-11-06 15:13:41,19.59,81.66,66.43,81,100,4.32
52,Toul,FR,2019-11-06 15:13:42,48.68,5.89,51.01,87,90,10.29
53,Ust-Kuyga,RU,2019-11-06 15:13:42,70.0,135.55,-5.97,98,100,0.81
54,Bredasdorp,ZA,2019-11-06 15:13:42,-34.53,20.04,68.0,45,29,28.86
55,Sarakhs,TM,2019-11-06 15:13:42,36.54,61.16,55.4,20,0,4.7
56,Omsukchan,RU,2019-11-06 15:13:43,62.53,155.8,22.71,83,100,6.11
57,Nikolskoye,RU,2019-11-06 15:13:43,59.7,30.79,32.0,84,100,11.18
58,Visby,SE,2019-11-06 15:13:43,57.64,18.3,39.99,93,75,11.41
59,Port Elizabeth,US,2019-11-06 15:13:43,39.31,-74.98,53.01,43,1,6.93
60,Livingstone,ZW,2019-11-06 15:13:44,-17.85,25.86,93.81,12,5,10.71
61,Mackay,CA,2019-11-06 15:13:44,53.65,-115.58,-2.21,84,5,3.94
62,Port-Cartier,CA,2019-11-06 15:13:44,50.03,-66.88,41.0,80,20,10.29
63,Lebu,ET,2019-11-06 15:13:44,8.96,38.73,59.2,59,27,7.83
64,Georgetown,GY,2019-11-06 15:13:45,6.8,-58.16,87.8,70,75,6.93
65,Saint-Pierre,FR,2019-11-06 15:13:45,48.95,4.24,52.0,93,92,12.75
66,Yar-Sale,RU,2019-11-06 15:13:45,66.83,70.83,10.15,87,21,4.61
67,Aykhal,RU,2019-11-06 15:13:46,65.95,111.51,-14.81,75,100,2.24
68,Kerema,PG,2019-11-06 15:13:46,-7.96,145.78,74.16,94,100,1.88
69,Havelock,US,2019-11-06 15:13:46,34.88,-76.9,66.2,63,75,16.11
70,Berdigestyakh,RU,2019-11-06 15:13:46,62.1,126.7,-5.44,91,100,8.46
71,Anadyr,RU,2019-11-06 15:13:47,64.73,177.51,15.8,92,40,2.24
72,Santo Anastacio,BR,2019-11-06 15:13:47,-21.84,-51.61,84.2,51,40,6.93
73,Atuona,PF,2019-11-06 15:13:47,-9.8,-139.03,79.39,79,3,15.59
74,Sadao,TH,2019-11-06 15:13:47,6.63,100.42,78.8,94,75,2.24
75,Ixtapa,MX,2019-11-06 15:13:48,20.71,-105.21,82.99,83,5,3.83
76,Henties Bay,NA,2019-11-06 15:13:48,-22.12,14.28,74.35,46,0,17.45
77,Rani,IN,2019-11-06 15:13:48,25.35,73.31,77.76,61,88,3.51
78,Olean,US,2019-11-06 15:13:48,42.08,-78.43,37.99,68,1,4.7
79,Xichang,CN,2019-11-06 15:13:49,27.88,102.25,43.41,94,96,4.83
80,Jamestown,AU,2019-11-06 15:13:50,-33.21,138.6,50.32,79,36,18.61
81,Dikson,RU,2019-11-06 15:13:50,73.51,80.55,-8.2,88,0,12.66
82,Castro,CL,2019-11-06 15:13:51,-42.48,-73.76,51.8,87,75,16.11
83,Talnakh,RU,2019-11-06 15:13:51,69.49,88.39,12.2,85,75,13.42
84,Sao Joao Da Barra,BR,2019-11-06 15:13:51,-21.64,-41.05,87.8,55,75,13.87
85,Tonantins,BR,2019-11-06 15:13:51,-2.86,-67.77,84.76,80,99,2.01
86,Yellowknife,CA,2019-11-06 15:13:52,62.45,-114.38,9.0,84,75,4.7
87,Kohtla-Jarve,EE,2019-11-06 15:13:52,59.4,27.27,36.86,68,100,21.79
88,Kuopio,FI,2019-11-06 15:13:52,62.89,27.68,17.6,92,23,5.82
89,Zhaozhou,CN,2019-11-06 15:13:52,45.71,125.27,24.51,64,0,10.71
90,Praia Da Vitoria,PT,2019-11-06 15:10:13,38.73,-27.07,66.2,68,20,4.38
91,Shubarshi,KZ,2019-11-06 15:13:53,48.59,57.19,29.37,83,100,10.96
92,Port Alfred,ZA,2019-11-06 15:13:53,-33.59,26.89,68.0,83,90,3.0
93,Great Falls,US,2019-11-06 15:13:53,47.5,-111.29,14.0,78,90,5.82
94,Sembakung,ID,2019-11-06 15:13:54,3.82,117.25,78.8,83,75,3.36
95,Pacific Grove,US,2019-11-06 15:13:41,36.62,-121.92,52.0,93,90,10.56
96,Puerto Ayora,EC,2019-11-06 15:13:37,-0.74,-90.35,73.4,73,75,13.87
97,Stende,LV,2019-11-06 15:13:56,57.14,22.53,42.8,100,90,6.93
98,Batagay-Alyta,RU,2019-11-06 15:13:56,67.8,130.41,-12.45,93,92,2.66
99,Felanitx,ES,2019-11-06 15:13:56,39.47,3.15,64.4,55,20,10.29
100,Omboue,GA,2019-11-06 15:13:57,-1.57,9.26,85.91,65,12,6.2
101,Saskylakh,RU,2019-11-06 15:13:57,71.97,114.09,-15.33,97,0,7.05
102,Tuktoyaktuk,CA,2019-11-06 15:13:57,69.44,-133.03,21.2,85,75,12.75
103,Airai,TL,2019-11-06 15:13:57,-8.93,125.41,66.97,79,0,3.22
104,Meulaboh,ID,2019-11-06 15:13:58,4.14,96.13,81.3,77,87,8.95
105,Sitka,US,2019-11-06 15:13:58,37.17,-99.65,44.01,89,0,6.62
106,Sernovodsk,RU,2019-11-06 15:13:59,53.92,51.26,45.91,86,100,14.7
107,Chimbote,PE,2019-11-06 15:13:59,-9.08,-78.59,71.91,61,71,9.73
108,Porsa,EE,2019-11-06 15:13:59,58.24,25.88,32.0,96,100,11.41
109,Alofi,NU,2019-11-06 15:13:59,-19.06,-169.92,62.6,93,8,1.12
110,Cardston,CA,2019-11-06 15:14:00,49.2,-113.32,6.8,84,90,3.36
111,Mundo Nuevo,CL,2019-11-06 15:14:00,-32.72,-71.41,64.4,72,0,11.41
112,Ormara,PK,2019-11-06 15:14:00,25.21,64.64,82.6,37,0,26.44
113,Tuy Hoa,VN,2019-11-06 15:14:00,13.08,109.3,79.54,78,100,18.88
114,Soyo,AO,2019-11-06 15:14:01,-6.13,12.37,86.0,66,20,6.93
115,Zihuatanejo,MX,2019-11-06 15:14:01,17.64,-101.55,84.2,70,40,5.86
116,Tatishchevo,RU,2019-11-06 15:14:01,51.67,45.59,50.0,85,33,4.0
117,Chokurdakh,RU,2019-11-06 15:14:01,70.62,147.9,1.45,96,100,4.5
118,Aklavik,CA,2019-11-06 15:14:02,68.22,-135.01,14.0,71,75,4.7
119,Berlevag,NO,2019-11-06 15:14:02,70.86,29.09,34.3,63,100,8.88
120,Nampula,MZ,2019-11-06 15:14:02,-15.12,39.26,89.6,40,75,5.82
121,Mananjary,MG,2019-11-06 15:14:03,-19.16,46.8,76.08,30,2,8.21
122,Tuatapere,NZ,2019-11-06 15:14:03,-46.13,167.69,52.0,90,100,1.99
123,Chaman,AF,2019-11-06 15:14:03,30.92,66.46,47.89,34,0,4.34
124,Marzuq,YE,2019-11-06 15:14:04,14.4,46.47,76.53,18,0,9.1
125,Char Bhadrasan,BD,2019-11-06 15:14:04,23.32,90.22,77.0,73,40,3.36
126,Bluefield,US,2019-11-06 15:14:06,37.27,-81.22,50.0,75,1,1.97
127,Vila Velha,BR,2019-11-06 15:14:07,-3.71,-38.6,87.8,48,20,23.04
128,Byron Bay,AU,2019-11-06 15:14:08,-28.65,153.62,64.4,68,0,9.17
129,Torbay,CA,2019-11-06 15:14:08,47.66,-52.73,46.0,93,90,27.51
130,Mehamn,NO,2019-11-06 15:14:08,71.03,27.85,27.3,76,100,5.5
131,Balaipungut,ID,2019-11-06 15:14:10,1.11,101.31,77.92,86,97,1.83
132,Sabang,PH,2019-11-06 15:14:11,13.8,121.11,79.0,91,100,2.68
133,Darlington,US,2019-11-06 15:14:11,34.3,-79.88,64.99,48,1,9.17
134,Nouakchott,MR,2019-11-06 15:14:12,18.08,-15.98,91.4,22,0,14.99
135,Thompson,CA,2019-11-06 15:14:12,55.74,-97.86,5.0,77,90,8.05
136,Khatanga,RU,2019-11-06 15:14:12,71.98,102.47,-5.72,81,0,9.71
137,Arraial Do Cabo,BR,2019-11-06 15:14:12,-22.97,-42.02,78.8,78,75,14.99
138,Geraldton,CA,2019-11-06 15:11:00,49.72,-86.95,19.4,67,75,12.75
139,Krasnogvardeyskiy,RU,2019-11-06 15:14:13,57.38,62.32,39.9,87,70,9.46
140,East London,ZA,2019-11-06 15:10:07,-33.02,27.91,69.8,83,20,23.04
141,Paamiut,GL,2019-11-06 15:14:13,61.99,-49.67,29.68,48,0,6.96
142,Tabou,CI,2019-11-06 15:14:14,4.42,-7.36,85.82,66,19,4.72
143,Honiara,SB,2019-11-06 15:14:16,-9.43,159.96,77.0,88,75,2.66
144,Kodiak,US,2019-11-06 15:14:16,39.95,-94.76,50.0,75,1,8.05
145,Kikwit,CD,2019-11-06 15:14:24,-5.04,18.82,78.96,72,100,2.71
146,Sovetskaya Gavan,RU,2019-11-06 15:14:27,48.97,140.29,30.6,54,58,20.33
147,Gudari,IN,2019-11-06 15:14:27,19.34,83.79,66.76,88,100,3.09
148,Maragogi,BR,2019-11-06 15:14:29,-9.01,-35.22,79.0,72,26,10.22
149,Destin,US,2019-11-06 15:14:32,30.39,-86.5,72.0,64,75,9.17
150,El Alto,BO,2019-11-06 15:14:32,-16.5,-68.19,48.2,70,75,9.17
151,Caravelas,BR,2019-11-06 15:14:32,-17.73,-39.27,90.52,45,0,10.78
152,Matara,BI,2019-11-06 15:14:33,-3.48,29.48,66.7,83,87,2.3
153,Pisco,PE,2019-11-06 15:14:33,-13.71,-76.2,71.6,30,20,8.05
154,Wajima,JP,2019-11-06 15:14:33,37.4,136.9,56.8,65,90,8.93
155,Ngaoundere,CM,2019-11-06 15:14:34,7.32,13.58,84.2,58,75,9.17
156,Novouzensk,RU,2019-11-06 15:14:37,50.46,48.14,49.08,79,22,14.16
157,Tasiilaq,GL,2019-11-06 15:14:37,65.61,-37.64,28.4,54,40,11.41
158,Severo-Kurilsk,RU,2019-11-06 15:14:39,50.68,156.12,32.68,81,96,3.29
159,Constitucion,MX,2019-11-06 15:14:39,23.99,-104.67,59.0,82,20,3.36
160,Komsomolskiy,RU,2019-11-06 15:14:39,67.55,63.78,7.25,99,77,0.72
161,Kizukuri,JP,2019-11-06 15:14:40,40.81,140.39,48.0,71,27,1.01
162,Avarua,CK,2019-11-06 15:10:18,-21.21,-159.78,69.8,94,67,4.7
163,Leningradskiy,RU,2019-11-06 15:14:41,69.38,178.42,15.28,90,19,12.57
164,Monteagudo,BO,2019-11-06 15:14:41,-19.8,-63.96,77.0,69,75,4.7
165,Bathsheba,BB,2019-11-06 15:14:41,13.22,-59.52,84.2,79,40,18.34
166,Shizuishan,CN,2019-11-06 15:14:41,39.02,106.36,46.0,48,77,1.99
167,Turangi,NZ,2019-11-06 15:14:42,-39.0,175.93,57.0,94,100,1.01
168,Tiksi,RU,2019-11-06 15:14:42,71.64,128.87,-8.58,96,90,3.27
169,Qasigiannguit,GL,2019-11-06 15:14:42,68.82,-51.19,30.2,74,75,10.29
170,Dunedin,NZ,2019-11-06 15:14:43,-45.87,170.5,53.01,96,100,7.74
171,Kahului,US,2019-11-06 15:11:29,20.89,-156.47,77.0,83,1,3.36
172,Terrace,CA,2019-11-06 15:14:43,54.52,-128.61,39.2,69,20,14.99
173,Novyy Urengoy,RU,2019-11-06 15:10:09,66.08,76.63,6.94,92,56,9.75
174,Comodoro Rivadavia,AR,2019-11-06 15:14:36,-45.87,-67.48,66.2,38,75,32.21
175,Belfast,GB,2019-11-06 15:14:44,54.6,-5.93,48.0,75,100,2.24
176,Fortuna,US,2019-11-06 15:14:45,40.6,-124.16,46.99,100,90,1.57
177,La Ronge,CA,2019-11-06 15:14:47,55.1,-105.3,12.2,72,90,9.17
178,Muscat,OM,2019-11-06 15:14:49,23.6,58.55,82.4,61,0,4.7
179,Tshikapa,CD,2019-11-06 15:14:50,-6.42,20.79,82.96,71,42,3.58
180,Urengoy,RU,2019-11-06 15:14:50,65.96,78.37,5.63,94,90,7.67
181,Haines Junction,CA,2019-11-06 15:14:50,60.75,-137.51,20.46,83,99,3.8
182,Salisbury,GB,2019-11-06 15:14:50,51.07,-1.8,51.8,87,75,5.82
183,Baykit,RU,2019-11-06 15:14:51,61.68,96.39,14.41,94,85,4.07
184,Zhigansk,RU,2019-11-06 15:14:51,66.77,123.37,-18.94,98,58,0.47
185,Fort Nelson,CA,2019-11-06 15:14:51,58.81,-122.69,3.2,84,5,4.7
186,Bluefields,NI,2019-11-06 15:14:52,12.01,-83.77,77.0,94,75,6.93
187,Longyearbyen,NO,2019-11-06 15:14:52,78.22,15.63,8.6,71,20,5.82
188,Ilo,PE,2019-11-06 15:14:52,-17.65,-71.34,68.0,77,90,9.17
189,Lamu,CN,2019-11-06 15:11:19,35.77,102.37,30.94,79,70,2.37
190,Novocheboksarsk,RU,2019-11-06 15:14:53,56.11,47.49,51.8,87,75,17.9
191,Mubende,UG,2019-11-06 15:14:53,0.56,31.4,75.36,62,41,1.39
192,Calabar,NG,2019-11-06 15:14:53,4.98,8.34,87.8,66,75,10.29
193,Black River,JM,2019-11-06 15:14:53,18.03,-77.85,88.0,66,40,12.75
194,Angoram,PG,2019-11-06 15:14:55,-4.06,144.07,73.58,96,100,0.81
195,Lata,IN,2019-11-06 15:14:56,30.78,78.62,23.2,76,33,2.17
196,Lima,PE,2019-11-06 15:12:22,-12.06,-77.04,64.4,82,90,5.82
197,Kruisfontein,ZA,2019-11-06 15:14:56,-34.0,24.73,62.44,81,100,15.59
198,Cidreira,BR,2019-11-06 15:14:56,-30.17,-50.22,67.28,62,0,11.23
199,Khandyga,RU,2019-11-06 15:14:57,62.65,135.58,-10.03,98,100,4.0
200,Victoria,BN,2019-11-06 15:11:22,5.28,115.24,80.6,83,90,6.82
201,Karratha,AU,2019-11-06 15:14:57,-20.74,116.85,81.73,65,0,9.06
202,Lasa,CY,2019-11-06 15:14:57,34.92,32.53,77.0,53,20,2.24
203,La Orilla,MX,2019-11-06 15:14:58,18.0,-102.23,79.83,88,69,4.97
204,New Norfolk,AU,2019-11-06 15:14:58,-42.78,147.06,46.4,97,75,12.75
205,Goundi,TD,2019-11-06 15:14:59,9.36,17.37,94.48,32,16,0.89
206,Am Timan,TD,2019-11-06 15:14:59,11.04,20.28,94.01,23,0,0.67
207,Ketchikan,US,2019-11-06 15:14:45,55.34,-131.65,42.8,100,90,3.36
208,Nanortalik,GL,2019-11-06 15:15:00,60.14,-45.24,34.66,80,0,14.05
209,High Level,CA,2019-11-06 15:15:00,58.52,-117.13,-7.61,83,20,3.24
210,Bandarbeyla,SO,2019-11-06 15:15:01,9.49,50.81,81.01,76,45,9.04
211,Husavik,CA,2019-11-06 15:15:01,50.56,-96.99,15.01,69,19,17.0
212,San Carlos De Bariloche,AR,2019-11-06 15:15:01,-41.13,-71.31,55.4,43,40,31.09
213,Ostrovnoy,RU,2019-11-06 15:15:20,68.05,39.51,24.46,82,52,8.55
214,Borgarnes,IS,2019-11-06 15:15:21,64.54,-21.92,35.6,64,98,10.29
215,Gravdal,NO,2019-11-06 15:15:23,59.79,5.78,41.0,86,75,14.99
216,Nemuro,JP,2019-11-06 15:15:24,43.32,145.57,42.35,63,0,12.3
217,Sanandaj,IR,2019-11-06 15:15:24,35.31,47.0,57.2,44,0,2.24
218,Tarauaca,BR,2019-11-06 15:15:24,-8.16,-70.77,93.58,44,3,2.8
219,Ojo Caliente,MX,2019-11-06 15:15:25,22.57,-102.25,59.0,72,20,11.41
220,Port Hardy,CA,2019-11-06 15:15:08,50.7,-127.42,44.6,93,90,4.7
221,Shetpe,KZ,2019-11-06 15:15:25,44.14,52.16,46.04,32,100,13.06
222,Provideniya,RU,2019-11-06 15:15:25,64.42,-173.23,16.86,78,0,13.13
223,Deputatskiy,RU,2019-11-06 15:15:26,69.3,139.9,-4.56,97,93,2.95
224,Zholymbet,KZ,2019-11-06 15:15:26,51.74,71.71,28.38,86,100,14.18
225,Vardo,US,2019-11-06 15:15:26,39.62,-77.74,52.0,49,1,10.29
226,Rio Gallegos,AR,2019-11-06 15:15:27,-51.62,-69.22,50.0,29,40,43.62
227,Alta Floresta,BR,2019-11-06 15:15:27,-9.87,-56.08,93.43,51,58,2.64
228,Clyde River,CA,2019-11-06 15:15:27,70.47,-68.59,21.2,92,90,5.82
229,Belmonte,PT,2019-11-06 15:15:28,40.36,-7.35,61.0,70,100,7.45
230,Jieshi,CN,2019-11-06 15:15:28,22.82,115.83,73.99,70,77,6.42
231,Urubicha,BO,2019-11-06 15:15:28,-15.63,-63.08,97.36,34,100,3.71
232,Camacha,PT,2019-11-06 15:15:29,33.08,-16.33,68.0,88,40,13.87
233,Auki,NG,2019-11-06 15:15:29,12.18,6.51,94.62,15,5,8.41
234,Celestun,MX,2019-11-06 15:15:29,20.87,-90.4,80.1,77,37,14.2
235,Kamiiso,JP,2019-11-06 15:15:29,41.82,140.65,31.28,79,0,3.47
236,Sterling,US,2019-11-06 15:15:30,39.0,-77.4,54.0,54,1,5.82
237,Pali,IN,2019-11-06 15:15:30,25.77,73.33,79.97,47,69,9.04
238,Marsa Matruh,EG,2019-11-06 15:15:30,31.35,27.25,75.2,60,0,6.93
239,Bambous Virieux,MU,2019-11-06 15:15:30,-20.34,57.76,77.0,83,75,6.93
240,Piacabucu,BR,2019-11-06 15:15:30,-10.41,-36.43,83.21,60,14,12.62
241,Nabire,ID,2019-11-06 15:15:31,-3.36,135.5,71.89,98,100,2.17
242,Harper,US,2019-11-06 15:15:31,30.3,-99.24,71.6,88,90,10.29
243,Pevek,RU,2019-11-06 15:15:31,69.7,170.27,23.67,80,100,3.22
244,Chumikan,RU,2019-11-06 15:15:32,54.72,135.31,16.27,61,91,17.67
245,Carolina,PR,2019-11-06 15:15:33,18.38,-65.96,87.8,66,40,14.99
246,Porto Velho,BR,2019-11-06 15:15:33,-8.75,-63.87,89.6,66,17,2.24
247,Staryy Nadym,RU,2019-11-06 15:15:33,65.61,72.68,9.37,88,89,6.62
248,Namatanai,PG,2019-11-06 15:15:34,-3.66,152.44,82.51,78,100,14.52
249,Jalu,LY,2019-11-06 15:15:34,29.03,21.55,86.47,19,0,8.99
250,Namibe,AO,2019-11-06 15:15:35,-15.19,12.15,73.71,80,3,13.53
251,Ilulissat,GL,2019-11-06 15:10:49,69.22,-51.1,30.2,74,75,11.41
252,Sao Miguel Do Araguaia,BR,2019-11-06 15:15:35,-13.28,-50.16,99.21,39,91,1.19
253,Kuito,AO,2019-11-06 15:15:36,-12.38,16.94,78.96,47,64,5.23
254,Makat,KZ,2019-11-06 15:15:36,47.65,53.35,37.53,57,100,12.8
255,Katsuura,JP,2019-11-06 15:15:36,33.93,134.5,51.8,87,20,11.41
256,Tambo,PE,2019-11-06 15:15:37,-12.95,-74.02,66.2,45,75,4.7
257,Dutlwe,BW,2019-11-06 15:15:37,-23.98,23.93,93.58,13,6,7.9
258,Kingsville,US,2019-11-06 15:15:37,27.52,-97.86,80.6,69,75,9.17
259,Cap Malheureux,MU,2019-11-06 15:15:38,-19.98,57.61,77.0,83,75,6.93
260,Penzance,GB,2019-11-06 15:15:38,50.12,-5.53,55.0,87,75,16.11
261,Gat,SN,2019-11-06 15:15:41,14.69,-16.54,95.0,34,8,12.75
262,Baghdad,IQ,2019-11-06 15:12:25,33.3,44.38,71.6,43,0,5.82
263,Sarmanovo,RU,2019-11-06 15:15:42,55.25,52.59,46.4,93,75,15.66
264,Hobyo,SO,2019-11-06 15:15:43,5.35,48.53,81.55,71,54,10.69
265,Ancud,CL,2019-11-06 15:15:44,-41.87,-73.83,51.8,93,75,16.11
266,Cabinda,AO,2019-11-06 15:15:44,-5.56,12.19,86.0,66,20,6.93
267,Port Moresby,PG,2019-11-06 15:15:44,-9.47,147.16,78.94,84,100,23.4
268,Nadym,RU,2019-11-06 15:15:45,65.53,72.51,9.37,88,89,6.62
269,Vestmannaeyjar,IS,2019-11-06 15:15:45,63.44,-20.27,39.2,86,75,17.22
270,Aleksandrovskiy Zavod,RU,2019-11-06 15:15:46,50.92,117.94,8.82,62,3,3.69
271,Kirkenes,NO,2019-11-06 15:15:46,69.73,30.05,24.8,92,75,3.36
272,Cabo San Lucas,MX,2019-11-06 15:11:26,22.89,-109.91,80.01,83,75,3.36
273,Horki,BY,2019-11-06 15:15:47,54.29,30.98,46.94,98,100,4.25
274,Prince Rupert,CA,2019-11-06 15:15:41,54.32,-130.32,44.6,100,90,2.24
275,Sibolga,ID,2019-11-06 15:15:47,1.74,98.78,69.82,91,21,2.17
276,Lerwick,GB,2019-11-06 15:15:48,60.15,-1.15,37.4,74,20,3.36
277,Saldanha,PT,2019-11-06 15:15:50,41.42,-6.55,50.43,79,82,11.21
278,Samarai,PG,2019-11-06 15:15:58,-10.62,150.67,73.54,96,100,7.2
279,Wanning,AT,2019-11-06 15:15:58,48.64,13.53,48.99,93,75,4.7
280,Iranshahr,IR,2019-11-06 15:15:58,27.21,60.69,73.4,12,0,7.4
281,Northam,AU,2019-11-06 15:15:59,-31.65,116.67,59.0,82,89,6.76
282,Rio Grande,BR,2019-11-06 15:15:52,-32.03,-52.1,73.4,46,0,10.29
283,Launceston,AU,2019-11-06 15:11:38,-41.43,147.14,46.0,75,79,17.22
284,Kochi,IN,2019-11-06 15:15:59,9.96,76.25,84.2,83,40,3.36
285,Ballina,IE,2019-11-06 15:16:00,54.11,-9.15,46.99,100,75,8.05
286,Amberley,NZ,2019-11-06 15:16:00,-43.15,172.73,54.0,100,100,11.41
287,Codrington,AU,2019-11-06 15:16:00,-28.95,153.24,62.6,81,0,3.31
288,Port-Gentil,GA,2019-11-06 15:16:01,-0.72,8.78,86.0,74,40,12.75
289,Moshenskoye,RU,2019-11-06 15:16:01,58.52,34.59,28.44,91,97,7.74
290,Maryborough,AU,2019-11-06 15:16:01,-25.54,152.7,59.2,76,9,2.51
291,Acapulco,MX,2019-11-06 15:16:03,16.86,-99.88,82.4,78,75,8.05
292,Faanui,PF,2019-11-06 15:16:03,-16.48,-151.75,79.57,80,32,12.64
293,Taoudenni,ML,2019-11-06 15:16:03,22.68,-3.98,91.96,15,0,12.03
294,Elliot,ZA,2019-11-06 15:16:04,-31.33,27.85,80.6,30,94,23.22
295,Balabac,PH,2019-11-06 15:16:04,7.99,117.06,79.65,79,100,25.14
296,Nsanje,MZ,2019-11-06 15:16:04,-16.92,35.26,94.95,27,54,8.59
297,Shibganj,BD,2019-11-06 15:16:05,25.01,89.36,74.3,58,90,5.55
298,Broome,GB,2019-11-06 15:16:05,52.47,1.45,48.99,81,20,3.36
299,Takoradi,GH,2019-11-06 15:16:05,4.89,-1.75,83.73,71,0,10.58
300,Youkounkoun,GN,2019-11-06 15:16:05,12.53,-13.12,102.33,28,76,1.45
301,Te Anau,NZ,2019-11-06 15:16:06,-45.41,167.72,46.94,84,100,2.8
302,Santa Cruz Del Sur,CU,2019-11-06 15:16:06,20.71,-78.0,81.99,79,0,20.18
303,Palana,RU,2019-11-06 15:16:06,59.08,159.95,37.56,74,33,26.87
304,Dalnerechensk,RU,2019-11-06 15:16:06,45.93,133.72,27.19,40,100,7.31
305,Aragarcas,BR,2019-11-06 15:16:07,-15.9,-52.25,92.07,45,4,5.99
306,Chernogorsk,RU,2019-11-06 15:16:07,53.83,91.31,35.6,74,76,5.06
307,Norman Wells,CA,2019-11-06 15:16:07,65.28,-126.83,3.2,91,40,4.7
308,Beira,ES,2019-11-06 15:16:08,43.2,-8.36,61.0,82,75,10.29
309,Thinadhoo,MV,2019-11-06 15:16:08,0.53,72.93,82.78,73,100,8.79
310,Swan Hill,AU,2019-11-06 15:16:09,-35.34,143.56,52.36,63,0,13.11
311,Parnamirim,BR,2019-11-06 15:16:09,-5.92,-35.27,89.6,46,40,16.11
312,Seddon,AU,2019-11-06 15:14:40,-37.81,144.89,55.0,54,40,17.22
313,Gao,ML,2019-11-06 15:16:09,16.28,-0.04,100.87,9,0,1.12
314,Eten,PE,2019-11-06 15:16:10,-6.91,-79.86,66.2,29,0,6.93
315,Ust-Maya,RU,2019-11-06 15:16:11,60.42,134.54,-2.67,89,100,7.99
316,Shimoda,JP,2019-11-06 15:16:11,34.7,138.93,53.01,91,0,1.36
317,Salinopolis,BR,2019-11-06 15:16:11,-0.61,-47.36,81.82,76,21,15.19
318,Teya,MX,2019-11-06 15:16:12,21.05,-89.07,82.4,69,75,11.41
319,Wuwei,CN,2019-11-06 15:16:12,37.93,102.64,42.39,69,100,1.36
320,Puquio,PE,2019-11-06 15:16:12,-14.69,-74.12,49.39,61,64,2.8
321,Carlyle,CA,2019-11-06 15:16:12,49.63,-102.27,-0.41,84,1,9.17
322,Flin Flon,CA,2019-11-06 15:16:12,54.77,-101.88,6.8,71,75,5.82
323,Manavalakurichi,IN,2019-11-06 15:16:13,8.13,77.3,82.4,78,75,3.36
324,Bethel,US,2019-11-06 15:16:13,60.79,-161.76,33.8,91,90,13.87
325,Bay Roberts,CA,2019-11-06 15:16:13,47.58,-53.28,46.0,93,90,27.51
326,Sioux Lookout,CA,2019-11-06 15:13:28,50.1,-91.92,15.8,72,75,10.29
327,Lavrentiya,RU,2019-11-06 15:16:14,65.58,-170.99,24.37,81,11,14.09
328,Yatou,CM,2019-11-06 15:16:14,3.63,9.81,89.6,70,75,4.7
329,Kedrovyy,RU,2019-11-06 15:16:14,56.17,91.82,37.4,55,20,13.42
330,Mineros,BO,2019-11-06 15:16:14,-17.12,-63.23,71.6,100,90,3.36
331,Ihosy,MG,2019-11-06 15:16:14,-22.4,46.13,79.77,37,100,12.59
332,Muros,ES,2019-11-06 15:16:15,42.77,-9.06,60.01,93,90,9.17
333,Odesskoye,RU,2019-11-06 15:16:15,54.21,72.97,33.08,90,100,10.36
334,Archidona,EC,2019-11-06 15:16:15,-0.91,-77.81,73.4,100,90,5.82
335,Dukat,AL,2019-11-06 15:16:15,40.25,19.57,70.0,78,100,7.0
336,Fairbanks,US,2019-11-06 15:16:16,64.84,-147.72,24.8,92,90,1.88
337,Saint-Augustin,CA,2019-11-06 15:16:16,45.63,-73.98,39.0,80,40,10.29
338,Jerantut,MY,2019-11-06 15:16:16,3.94,102.37,73.9,96,100,1.5
339,Sawakin,SD,2019-11-06 15:16:17,19.1,37.33,86.56,71,0,9.19
340,Watertown,US,2019-11-06 15:11:56,44.9,-97.12,26.01,79,90,19.46
341,Verkhnyaya Inta,RU,2019-11-06 15:16:18,65.99,60.32,10.11,96,100,3.02
342,Abhar,IR,2019-11-06 15:16:18,36.14,49.22,47.73,57,0,5.48
343,Naantali,FI,2019-11-06 15:16:18,60.45,22.03,32.0,63,71,9.17
344,Tilichiki,RU,2019-11-06 15:16:18,60.47,166.1,34.3,85,100,27.42
345,Bud,NO,2019-11-06 15:16:19,62.91,6.91,34.0,53,100,4.7
346,Mount Gambier,AU,2019-11-06 15:16:19,-37.83,140.78,50.0,81,75,18.34
347,Katsina,NG,2019-11-06 15:16:20,12.99,7.6,95.29,12,0,9.4
348,Antalaha,MG,2019-11-06 15:16:20,-14.9,50.28,79.0,80,100,20.18
349,Dandong,CN,2019-11-06 15:16:21,40.12,124.37,42.73,32,68,10.78
350,Roma,IT,2019-11-06 15:11:53,41.89,12.48,66.2,55,20,6.93
351,Zalantun,CN,2019-11-06 15:16:21,48.0,122.72,17.33,52,0,7.2
352,Atbasar,KZ,2019-11-06 15:16:22,51.81,68.36,27.86,88,85,12.1
353,Naze,NG,2019-11-06 15:16:22,5.43,7.07,87.8,66,75,3.36
354,Kavieng,PG,2019-11-06 15:16:26,-2.57,150.8,81.09,84,100,15.57
355,Cocobeach,GA,2019-11-06 15:16:26,1.01,9.58,86.0,70,40,11.41
356,Ippy,CF,2019-11-06 15:16:27,6.26,21.2,85.5,56,0,4.34
357,Batemans Bay,AU,2019-11-06 15:16:27,-35.71,150.18,69.01,34,0,8.99
358,Diamantino,BR,2019-11-06 15:16:28,-14.4,-56.44,98.33,35,89,3.83
359,San Cristobal,HN,2019-11-06 15:16:29,14.68,-86.92,69.04,82,78,2.98
360,Yumen,CN,2019-11-06 15:16:29,40.29,97.04,43.29,37,74,16.91
361,San Patricio,PY,2019-11-06 15:16:29,-26.98,-56.83,86.92,51,0,4.25
362,Sakete,BJ,2019-11-06 15:16:30,6.74,2.66,87.8,74,40,12.75
363,Narsaq,GL,2019-11-06 15:16:30,60.91,-46.05,32.0,60,20,4.54
364,Muisne,EC,2019-11-06 15:16:30,0.61,-80.02,78.8,83,75,6.93
365,Pangnirtung,CA,2019-11-06 15:16:30,66.15,-65.72,21.2,92,90,2.66
366,Lowestoft,GB,2019-11-06 15:16:31,52.48,1.75,50.0,81,20,3.36
367,Aksarka,RU,2019-11-06 15:16:31,66.56,67.8,10.65,84,100,4.07
368,Powell,US,2019-11-06 15:15:41,40.16,-83.08,45.0,74,90,8.05
369,Suntar,RU,2019-11-06 15:16:32,62.16,117.65,-3.39,94,0,4.85
370,Necochea,AR,2019-11-06 15:16:32,-38.55,-58.74,84.99,33,0,17.0
371,Itarantim,BR,2019-11-06 15:16:33,-15.65,-40.06,87.1,48,2,9.89
372,Rodrigues Alves,BR,2019-11-06 15:16:33,-7.74,-72.65,86.0,74,40,3.36
373,Nagod,IN,2019-11-06 15:16:33,24.57,80.59,71.98,39,0,3.24
374,Urusha,RU,2019-11-06 15:16:33,54.05,122.9,-1.03,76,41,5.79
375,Bubaque,GW,2019-11-06 15:16:34,11.28,-15.83,85.1,68,40,9.93
376,San Andres,PH,2019-11-06 15:16:34,13.32,122.68,79.48,82,42,14.16
377,Nizhniy Kuranakh,RU,2019-11-06 15:16:36,58.84,125.49,-12.21,98,97,4.61
378,Alugan,PH,2019-11-06 15:16:36,12.22,125.48,79.11,83,0,6.08
379,Coquimbo,CL,2019-11-06 15:16:36,-29.95,-71.34,84.99,72,20,11.41
380,Lingao,CN,2019-11-06 15:16:37,19.91,109.69,75.16,77,57,10.4
381,Kailua,US,2019-11-06 15:16:37,21.39,-157.74,78.8,74,40,9.17
382,Flinders,AU,2019-11-06 15:16:37,-34.58,150.85,72.0,26,0,8.05
383,Niamey,NE,2019-11-06 15:16:37,13.52,2.11,104.0,8,59,6.93
384,Boa Vista,BR,2019-11-06 15:16:38,2.82,-60.67,93.2,46,40,13.87
385,Fuerte Olimpo,BR,2019-11-06 15:16:38,-21.04,-57.87,97.52,40,74,9.17
386,Grand Baie,MU,2019-11-06 15:16:39,-20.02,57.58,77.0,83,75,6.93
387,Jati,PK,2019-11-06 15:16:39,24.35,68.27,83.61,56,19,14.92
388,Taksimo,RU,2019-11-06 15:16:39,56.36,114.84,-4.38,97,91,1.45
389,Markala,ML,2019-11-06 15:16:39,13.69,-6.07,99.1,17,10,3.44
390,La Asuncion,AR,2019-11-06 15:16:40,-26.05,-65.39,63.73,77,99,5.1
391,Ferme-Neuve,CA,2019-11-06 15:16:40,46.7,-75.45,28.31,62,0,9.22
392,Khani,GE,2019-11-06 15:16:40,41.96,42.96,57.2,76,0,4.7
393,Kulhudhuffushi,MV,2019-11-06 15:16:40,6.62,73.07,82.49,76,0,7.67
394,Gisborne,NZ,2019-11-06 15:16:41,-38.66,178.02,63.0,79,100,1.01
395,Sao Luiz Gonzaga,BR,2019-11-06 15:16:41,-28.41,-54.96,78.62,60,0,9.69
396,Drayton Valley,CA,2019-11-06 15:16:41,53.22,-114.98,-0.73,95,0,5.68
397,Gazli,UZ,2019-11-06 15:16:41,40.13,63.45,41.86,37,0,15.14
398,Sydney,AU,2019-11-06 15:15:38,-33.85,151.22,73.99,25,0,17.22
399,Aquin,HT,2019-11-06 15:16:42,18.28,-73.39,82.69,69,1,2.17
400,Nikki,BJ,2019-11-06 15:16:42,9.94,3.21,93.74,27,0,5.53
401,Ginda,IN,2019-11-06 15:16:42,30.69,78.49,50.58,75,0,3.51
402,Esperance,AU,2019-11-06 15:16:42,-33.86,121.89,50.0,87,40,8.05
403,Najran,SA,2019-11-06 15:16:42,17.54,44.22,78.8,24,10,6.93
404,Deer Lake,CA,2019-11-06 15:16:43,49.18,-57.43,48.2,81,90,18.34
405,Alice,ZA,2019-11-06 15:16:43,-32.79,26.83,69.6,70,38,14.54
406,Liepaja,LV,2019-11-06 15:16:43,56.52,21.02,44.6,100,100,9.17
407,Creel,MX,2019-11-06 15:16:54,27.75,-107.63,56.25,70,100,3.27
408,Spirit River,CA,2019-11-06 15:16:54,55.78,-118.84,7.0,84,90,2.24
409,Brae,GB,2019-11-06 15:14:48,60.4,-1.35,37.4,62,20,2.24
410,Elko,US,2019-11-06 15:16:54,40.83,-115.76,44.01,63,1,1.79
411,Turka,RU,2019-11-06 15:16:55,52.95,108.22,35.51,62,76,14.5
412,Sarahan,IN,2019-11-06 15:16:55,31.51,77.79,29.8,72,0,3.74
413,Vila Franca Do Campo,PT,2019-11-06 15:16:55,37.72,-25.43,66.2,59,20,11.41
414,Manta,RO,2019-11-06 15:16:55,45.1,24.1,55.63,90,100,7.09
415,Gerash,IR,2019-11-06 15:16:56,27.67,54.14,73.4,27,35,1.25
416,Curillo,CO,2019-11-06 15:16:56,1.03,-75.92,87.96,60,63,1.12
417,Beyneu,KZ,2019-11-06 15:16:56,45.32,55.19,40.84,55,100,12.91
418,Portland,US,2019-11-06 15:15:32,43.66,-70.25,48.0,49,20,14.99
419,Kieta,PG,2019-11-06 15:16:57,-6.22,155.63,80.55,75,72,5.21
420,Suffolk,US,2019-11-06 15:15:02,36.73,-76.58,59.0,58,1,11.41
421,Ahipara,NZ,2019-11-06 15:16:58,-35.17,173.16,57.99,100,27,8.52
422,Dwarka,IN,2019-11-06 15:16:58,28.58,77.04,81.0,47,20,6.93
423,Coihaique,CL,2019-11-06 15:16:59,-45.58,-72.07,53.6,58,40,14.99
424,Yairipok,IN,2019-11-06 15:16:59,24.67,94.07,61.36,95,100,1.5
425,George Town,MY,2019-11-06 15:16:59,5.42,100.33,86.0,79,75,2.46
426,Plettenberg Bay,ZA,2019-11-06 15:16:59,-34.05,23.37,63.68,76,65,9.01
427,Mapiripan,CO,2019-11-06 15:16:59,2.89,-72.13,80.82,86,100,8.39
428,Klaksvik,FO,2019-11-06 15:17:00,62.23,-6.59,35.6,73,61,8.05
429,San Ramon,NI,2019-11-06 15:17:00,12.92,-85.84,68.0,94,90,18.34
430,Felipe Carrillo Puerto,MX,2019-11-06 15:17:01,19.58,-88.05,84.0,68,14,5.61
431,Salalah,OM,2019-11-06 15:17:01,17.01,54.1,82.4,78,0,4.7
432,Whitianga,NZ,2019-11-06 15:17:01,-36.83,175.7,63.0,91,99,1.01
433,Oyem,GA,2019-11-06 15:17:01,1.6,11.57,86.0,62,75,2.3
434,Rameshki,RU,2019-11-06 15:17:02,57.35,36.05,34.39,87,100,5.97
435,Solnechnyy,RU,2019-11-06 15:17:02,50.72,136.64,17.6,73,100,4.47
436,Khorinsk,RU,2019-11-06 15:17:02,52.16,109.78,17.02,81,93,2.13
437,Nyurba,RU,2019-11-06 15:17:03,63.29,118.35,-7.41,96,0,3.36
438,Ambon,FR,2019-11-06 15:17:03,47.55,-2.56,54.0,81,90,6.93
439,Kedgwick,CA,2019-11-06 15:17:03,47.65,-67.35,36.37,68,0,14.7
440,Nome,US,2019-11-06 15:17:04,30.04,-94.42,71.01,73,1,6.93
441,Boguchany,RU,2019-11-06 15:17:04,58.38,97.46,26.92,94,100,8.84
442,Cockburn Town,TC,2019-11-06 15:13:04,21.46,-71.14,82.63,77,100,17.81
443,Yeniseysk,RU,2019-11-06 15:17:05,58.45,92.17,28.74,95,100,8.03
444,Masvingo,ZW,2019-11-06 15:17:05,-20.08,30.83,88.11,14,0,10.74
445,Pandan,PH,2019-11-06 15:17:06,11.72,122.09,81.07,83,97,29.48
446,Leeton,AU,2019-11-06 15:17:06,-34.55,146.4,62.6,39,40,9.17
447,Tateyama,JP,2019-11-06 15:17:06,36.66,137.31,48.99,98,36,4.5
448,Peniche,PT,2019-11-06 15:17:06,39.36,-9.38,64.4,72,75,9.17
449,Tooele,US,2019-11-06 15:17:07,40.53,-112.3,45.0,49,1,10.29
450,Santa Helena De Goias,BR,2019-11-06 15:17:07,-17.81,-50.6,91.98,44,0,3.67
451,West Bay,CA,2019-11-06 15:17:07,49.34,-123.21,43.0,87,75,10.29
452,Mastic Beach,US,2019-11-06 15:17:08,40.77,-72.85,53.01,43,1,17.22
453,Verkh-Usugli,RU,2019-11-06 15:17:08,52.7,115.17,15.01,52,83,2.48
454,Les Escoumins,CA,2019-11-06 15:17:08,48.35,-69.4,29.64,51,0,14.79
455,Kroya,ID,2019-11-06 15:17:08,-6.5,108.06,82.36,73,86,2.24
456,Makakilo City,US,2019-11-06 15:17:09,21.35,-158.09,79.0,100,1,4.7
457,Bolshaya Sosnova,RU,2019-11-06 15:17:09,57.67,54.6,44.22,91,100,17.63
458,Grand Gaube,MU,2019-11-06 15:17:09,-20.01,57.66,77.0,83,75,6.93
459,Okahandja,NA,2019-11-06 15:17:10,-21.98,16.91,84.2,21,75,10.29
460,Richards Bay,ZA,2019-11-06 15:17:11,-28.77,32.06,78.28,77,0,27.78
461,Mantua,IT,2019-11-06 15:14:28,45.16,10.79,57.0,81,75,2.24
462,Sturgeon Bay,US,2019-11-06 15:12:59,44.83,-87.38,27.0,92,90,9.17
463,Hannibal,US,2019-11-06 15:15:24,39.71,-91.36,51.8,50,1,9.17
464,Dharchula,IN,2019-11-06 15:17:12,29.85,80.53,39.88,57,0,7.36
465,Braniewo,PL,2019-11-06 15:17:12,54.38,19.82,47.3,77,100,17.56
466,Ust-Shonosha,RU,2019-11-06 15:17:12,61.15,41.34,15.71,90,30,5.66
467,Goderich,CA,2019-11-06 15:15:08,43.74,-81.71,37.99,68,19,15.01
468,Srostki,RU,2019-11-06 15:17:13,52.42,85.7,32.11,80,0,2.19
469,Bonavista,CA,2019-11-06 15:17:14,48.65,-53.11,45.0,87,100,7.0
470,Siderno,IT,2019-11-06 15:17:14,38.28,16.3,66.2,87,75,12.75
471,Arman,RU,2019-11-06 15:17:15,59.7,150.17,34.39,87,100,28.12
472,Baillif,GP,2019-11-06 15:17:16,16.02,-61.75,84.2,70,2,11.41
473,Egvekinot,RU,2019-11-06 15:17:16,66.32,-179.17,12.16,77,100,9.69
474,Nieuw Amsterdam,SR,2019-11-06 15:17:16,5.88,-55.08,91.4,74,40,4.7
475,Pringsewu,ID,2019-11-06 15:17:17,-5.36,104.98,70.27,96,72,5.23
476,Shingu,JP,2019-11-06 15:17:17,33.72,135.99,60.35,57,0,4.41
477,Progreso,UY,2019-11-06 15:17:17,-34.68,-56.22,75.99,47,61,16.11
478,Tefe,BR,2019-11-06 15:17:17,-3.35,-64.71,86.0,84,40,2.24
479,Bemidji,US,2019-11-06 15:17:18,47.48,-94.89,17.01,78,1,16.11
480,Bridgetown,AU,2019-11-06 15:17:18,-33.96,116.14,55.0,82,91,5.01
481,Kulachi,PK,2019-11-06 15:17:18,31.93,70.46,72.25,47,0,9.51
482,Beloha,MG,2019-11-06 15:17:18,-25.17,45.06,74.77,76,0,19.1
483,Kinsale,IE,2019-11-06 15:17:19,51.71,-8.52,48.0,81,40,18.34
484,Magadan,RU,2019-11-06 15:17:19,59.56,150.8,38.39,83,100,28.95
485,Hirara,JP,2019-11-06 15:17:20,24.8,125.28,75.63,77,6,14.74
486,Luderitz,NA,2019-11-06 15:17:21,-26.65,15.16,73.4,49,0,28.86
487,Itaituba,BR,2019-11-06 15:17:21,-4.26,-55.99,89.6,62,20,9.17
488,Todos Santos,MX,2019-11-06 15:17:22,23.45,-110.23,82.0,83,75,3.36
489,Camabatela,AO,2019-11-06 15:17:22,-8.19,15.37,71.42,88,97,4.07
490,Santiago De Cao,PE,2019-11-06 15:17:22,-7.96,-79.24,64.4,82,75,11.41
491,Hitoyoshi,JP,2019-11-06 15:17:22,32.2,130.77,50.0,76,0,5.01
492,Itapetinga,BR,2019-11-06 15:17:23,-15.25,-40.25,87.1,48,2,9.89
493,Hambantota,LK,2019-11-06 15:17:23,6.12,81.12,78.8,100,90,2.24
494,Erzin,TR,2019-11-06 15:17:23,36.95,36.2,77.0,53,20,5.82
495,Kudahuvadhoo,MV,2019-11-06 15:17:24,2.67,72.89,82.04,77,100,8.28
496,Rawson,AR,2019-11-06 15:17:24,-43.3,-65.11,60.67,46,100,22.03
497,Gizo,IL,2019-11-06 15:17:25,31.8,34.94,78.8,61,20,6.93
498,Cayenne,GF,2019-11-06 15:17:26,4.94,-52.33,87.8,66,75,13.87
499,Asyut,EG,2019-11-06 15:17:26,27.18,31.19,80.6,39,0,11.41
500,Tautira,PF,2019-11-06 15:17:27,-17.73,-149.15,73.4,78,0,2.24
501,Gazojak,TM,2019-11-06 15:17:27,41.19,61.4,43.16,27,0,11.74
502,Lorengau,PG,2019-11-06 15:17:27,-2.02,147.27,83.08,73,100,16.53
503,Souillac,FR,2019-11-06 15:17:27,45.6,-0.6,57.2,71,65,9.17
504,Udachnyy,RU,2019-11-06 15:17:28,66.42,112.4,-14.81,75,100,2.24
505,Palauig,PH,2019-11-06 15:17:28,15.44,119.9,74.8,87,100,3.38
506,Jatiroto,ID,2019-11-06 15:17:28,-7.61,109.46,74.88,83,10,2.01
507,Camocim,BR,2019-11-06 15:17:28,-2.9,-40.84,98.82,30,0,8.63
508,Zharkent,KZ,2019-11-06 15:17:28,44.17,80.0,38.71,59,89,8.95
509,Ola,RU,2019-11-06 15:17:29,59.58,151.3,37.71,83,88,29.71
510,Cairns,AU,2019-11-06 15:15:51,-16.92,145.77,75.2,78,40,3.36
511,Sao Filipe,CV,2019-11-06 15:17:29,14.9,-24.5,79.21,69,66,17.22
512,Sur,OM,2019-11-06 15:17:29,22.57,59.53,80.26,59,9,11.23
513,Nicoya,CR,2019-11-06 15:17:30,10.15,-85.45,82.4,65,75,12.75
514,Behshahr,IR,2019-11-06 15:17:30,36.69,53.54,57.2,82,0,4.7
515,Perth,AU,2019-11-06 15:15:13,-31.95,115.86,62.6,72,56,6.93
516,Khadyzhensk,RU,2019-11-06 15:17:30,44.42,39.54,59.97,41,0,3.67
517,Huarmey,PE,2019-11-06 15:17:30,-10.07,-78.15,75.4,50,4,8.41
518,La Baule-Escoublac,FR,2019-11-06 15:17:31,47.28,-2.4,54.0,87,75,8.05
519,Muroto,JP,2019-11-06 15:17:31,33.37,134.14,51.17,67,0,4.81
520,Rzeszow,PL,2019-11-06 15:15:41,50.04,22.0,53.01,81,20,6.93
521,Miles City,US,2019-11-06 15:17:32,46.41,-105.84,17.01,85,90,11.41
522,Sinjar,SY,2019-11-06 15:17:32,35.59,37.0,71.01,42,0,7.47
523,Banda Aceh,ID,2019-11-06 15:17:32,5.56,95.32,74.73,88,98,4.05
524,Taltal,CL,2019-11-06 15:17:32,-25.41,-70.49,61.66,67,0,7.27
525,North Platte,US,2019-11-06 15:17:33,41.12,-100.77,30.2,100,90,17.22
526,Amuntai,ID,2019-11-06 15:17:33,-2.42,115.25,75.81,77,100,1.7
527,Miyang,CN,2019-11-06 15:17:33,24.4,103.44,53.13,97,10,5.06
528,Chalinze,TZ,2019-11-06 15:17:34,-6.64,38.35,73.24,93,100,8.5
529,Posse,BR,2019-11-06 15:17:34,-14.08,-46.36,91.8,39,26,4.25
530,Seoul,KR,2019-11-06 15:14:36,37.57,126.98,51.8,87,100,1.12
531,Qaqortoq,GL,2019-11-06 15:17:35,60.72,-46.03,32.0,67,20,4.36
532,Rocha,UY,2019-11-06 15:17:36,-34.48,-54.34,72.48,49,0,7.99
533,Havoysund,NO,2019-11-06 15:17:36,71.0,24.66,19.4,92,87,6.93
534,Pokhara,NP,2019-11-06 15:17:36,28.21,83.99,60.51,90,11,1.68
535,Horsham,AU,2019-11-06 15:17:36,-36.71,142.2,49.64,75,25,9.51
536,Stokmarknes,NO,2019-11-06 15:17:37,68.56,14.91,32.0,79,20,12.75
537,Sokoni,CD,2019-11-06 15:17:37,-12.89,28.78,83.26,33,82,5.23
538,Santiago Del Estero,AR,2019-11-06 15:17:37,-27.8,-64.26,76.15,61,100,4.92
539,Moree,AU,2019-11-06 15:17:38,-29.46,149.84,64.4,18,0,6.93
540,Derzhavinsk,KZ,2019-11-06 15:17:38,51.1,66.31,25.79,82,76,16.6
541,Gillette,US,2019-11-06 15:17:38,44.29,-105.5,23.0,92,90,10.29
542,Cuxhaven,DE,2019-11-06 15:17:38,53.87,8.7,46.4,75,75,4.7
543,Tsiroanomandidy,MG,2019-11-06 15:17:39,-18.77,46.05,82.98,37,28,9.08
544,Totonicapan,GT,2019-11-06 15:17:39,14.92,-91.37,84.2,74,0,6.11
545,Coahuayana,MX,2019-11-06 15:17:39,18.62,-100.35,75.11,80,35,1.32
546,La Peca,PE,2019-11-06 15:17:40,-5.61,-78.44,76.41,62,80,1.81
547,Chiavari,IT,2019-11-06 15:14:36,44.32,9.32,57.2,62,75,3.36
548,Biak,ID,2019-11-06 15:17:40,-0.91,122.88,82.76,65,65,8.28
549,Mokhsogollokh,RU,2019-11-06 15:17:40,61.4,128.95,-5.18,90,91,9.1
550,Pingdingshan,CN,2019-11-06 15:17:41,33.74,113.3,58.73,44,100,2.3
551,Iqaluit,CA,2019-11-06 15:17:41,63.75,-68.52,17.6,67,75,10.29
552,Taihe,CN,2019-11-06 15:17:41,26.8,114.92,63.97,56,100,4.97
553,Ilam,IR,2019-11-06 15:17:42,33.64,46.42,57.2,50,0,1.68
554,Sorland,NO,2019-11-06 15:17:42,67.67,12.69,35.6,64,40,12.24
555,Los Llanos De Aridane,ES,2019-11-06 15:17:42,28.66,-17.92,73.4,60,75,16.11
556,Vondrozo,MG,2019-11-06 15:17:42,-22.82,47.32,75.09,82,0,6.6
557,Sovetskiy,RU,2019-11-06 15:17:43,56.76,48.47,47.39,93,100,17.31
558,Mimongo,GA,2019-11-06 15:17:43,-1.62,11.6,76.26,89,91,2.64
559,Colwyn Bay,GB,2019-11-06 15:17:43,53.29,-3.71,48.2,87,75,8.05
560,Moen,BE,2019-11-06 15:17:44,50.77,3.4,52.0,87,100,3.36
561,Paoua,CF,2019-11-06 15:17:44,7.24,16.43,87.85,46,0,3.89
562,Okhotsk,RU,2019-11-06 15:17:45,59.36,143.24,23.97,74,100,24.9
563,Mahajanga,MG,2019-11-06 15:17:45,-15.72,46.32,84.2,74,20,11.41
564,Kulim,MY,2019-11-06 15:17:45,5.37,100.55,86.0,83,75,10.29
