City_ID,City,Country,Date,Lat,Lng,Max Temp,Humidity,Cloudiness,Wind Speed,Current Description,Rain inches (last 3 hrs),Snow inches (last 3 hrs)
0,Pavlovka,RU,2019-11-08 05:15:31,52.69,47.13,43.95,86,100,12.53,light rain,0.81,0.0
1,Vilhena,BR,2019-11-08 05:15:31,-12.74,-60.15,68.54,98,100,2.8,light rain,0.94,0.0
2,Mehamn,NO,2019-11-08 05:13:24,71.03,27.85,30.2,92,40,10.29,scattered clouds,0.0,0.0
3,Aykhal,RU,2019-11-08 05:15:32,65.95,111.51,-13.01,83,57,4.47,broken clouds,0.0,0.0
4,Belebey,RU,2019-11-08 05:15:32,54.12,54.12,36.41,83,94,5.19,overcast clouds,0.0,0.0
5,Maragogi,BR,2019-11-08 05:13:34,-9.01,-35.22,79.32,74,89,13.49,light rain,0.25,0.0
6,Namibe,AO,2019-11-08 05:15:09,-15.19,12.15,73.13,83,89,7.7,light rain,0.75,0.0
7,Necochea,AR,2019-11-08 05:13:36,-38.55,-58.74,43.39,78,3,3.27,clear sky,0.0,0.0
8,Ushuaia,AR,2019-11-08 05:12:53,-54.81,-68.31,35.6,98,40,26.4,scattered clouds,0.0,0.0
9,Port Alfred,ZA,2019-11-08 05:15:12,-33.59,26.89,66.15,62,59,17.05,broken clouds,0.0,0.0
10,Hervey Bay,AU,2019-11-08 05:13:53,-25.3,152.85,86.0,48,0,25.28,clear sky,0.0,0.0
11,Nanortalik,GL,2019-11-08 05:15:33,60.14,-45.24,35.49,76,83,17.36,broken clouds,0.0,0.0
12,Murakami,JP,2019-11-08 05:15:33,38.29,139.58,53.6,50,75,6.93,broken clouds,0.0,0.0
13,Gat,SN,2019-11-08 05:13:52,14.69,-16.54,71.6,83,62,17.22,broken clouds,0.0,0.0
14,Kapaa,US,2019-11-08 05:15:24,22.08,-159.32,73.4,73,75,8.05,broken clouds,0.0,0.0
15,Salym,RU,2019-11-08 05:15:34,60.06,71.48,14.07,86,100,11.1,overcast clouds,0.0,0.0
16,Bagotville,AU,2019-11-08 05:15:34,-28.98,153.42,102.2,6,0,19.46,clear sky,0.0,0.0
17,Hobart,AU,2019-11-08 05:14:30,-42.88,147.33,50.0,53,75,12.75,light intensity shower rain,0.0,0.0
18,Yellowknife,CA,2019-11-08 05:13:03,62.45,-114.38,12.2,85,90,6.93,light snow,0.0,0.0
19,Kimbe,PG,2019-11-08 05:14:23,-5.56,150.15,80.85,85,97,3.0,light rain,2.19,0.0
20,Bethel,US,2019-11-08 05:13:48,60.79,-161.76,30.2,100,90,12.75,light rain,0.0,0.0
21,Punta Arenas,CL,2019-11-08 05:14:13,-53.16,-70.91,35.6,79,20,4.7,few clouds,0.0,0.0
22,Kuruman,ZA,2019-11-08 05:15:36,-27.46,23.43,68.2,13,20,17.94,few clouds,0.0,0.0
23,Baft,IR,2019-11-08 05:15:36,29.23,56.61,56.98,30,0,2.59,clear sky,0.0,0.0
24,Thinadhoo,MV,2019-11-08 05:15:36,0.53,72.93,82.49,72,90,9.48,overcast clouds,0.0,0.0
25,Tiksi,RU,2019-11-08 05:13:03,71.64,128.87,-3.84,96,97,5.97,overcast clouds,0.0,0.0
26,Puerto Ayacucho,CO,2019-11-08 05:15:37,5.66,-67.63,72.84,96,100,2.15,overcast clouds,0.0,0.0
27,Bredasdorp,ZA,2019-11-08 05:13:06,-34.53,20.04,61.14,70,7,3.78,clear sky,0.0,0.0
28,Kaitangata,NZ,2019-11-08 05:14:03,-46.28,169.85,56.14,75,79,6.06,broken clouds,0.0,0.0
29,Tutoia,BR,2019-11-08 05:15:37,-2.76,-42.27,73.17,93,16,3.83,few clouds,0.0,0.0
30,Esperance,AU,2019-11-08 05:15:15,-33.86,121.89,64.4,68,90,11.41,overcast clouds,0.0,0.0
31,Asosa,ET,2019-11-08 05:15:38,10.07,34.53,72.05,84,52,3.76,light rain,1.81,0.0
32,Antofagasta,CL,2019-11-08 05:13:48,-23.65,-70.4,60.8,77,90,3.36,overcast clouds,0.0,0.0
33,Atuona,PF,2019-11-08 05:13:01,-9.8,-139.03,80.58,78,0,14.56,light rain,0.44,0.0
34,Coquimbo,CL,2019-11-08 05:12:20,-29.95,-71.34,57.2,82,0,4.7,clear sky,0.0,0.0
35,Longyearbyen,NO,2019-11-08 05:15:27,78.22,15.63,17.6,67,20,6.93,few clouds,0.0,0.0
36,Mataura,NZ,2019-11-08 05:14:56,-46.19,168.86,61.05,56,43,5.75,scattered clouds,0.0,0.0
37,Bluff,AU,2019-11-08 05:13:07,-23.58,149.07,98.49,7,0,15.32,clear sky,0.0,0.0
38,Jamestown,AU,2019-11-08 05:15:18,-33.21,138.6,58.87,40,29,20.96,scattered clouds,0.0,0.0
39,Bumbuna,SL,2019-11-08 05:15:40,9.05,-11.73,68.88,97,95,0.63,light rain,0.19,0.0
40,Acapulco,MX,2019-11-08 05:11:09,16.86,-99.88,80.6,88,40,4.7,scattered clouds,0.0,0.0
41,Bahia Blanca,AR,2019-11-08 05:15:40,-38.72,-62.27,50.68,48,97,11.54,overcast clouds,0.0,0.0
42,Cockburn Town,TC,2019-11-08 05:15:40,21.46,-71.14,82.22,79,3,16.37,clear sky,0.0,0.0
43,Hithadhoo,MV,2019-11-08 05:14:28,-0.6,73.08,82.47,68,0,6.2,clear sky,0.0,0.0
44,Jalu,LY,2019-11-08 05:15:40,29.03,21.55,65.41,86,0,11.68,clear sky,0.0,0.0
45,Jieshi,CN,2019-11-08 05:15:41,22.82,115.83,79.23,42,0,12.37,clear sky,0.0,0.0
46,Labuhan,ID,2019-11-08 05:15:41,-2.54,115.51,96.87,37,51,2.06,broken clouds,0.0,0.0
47,Geraldton,CA,2019-11-08 05:14:58,49.72,-86.95,12.2,66,90,3.36,light snow,0.0,0.0
48,Millington,US,2019-11-08 05:11:32,35.34,-89.9,37.4,73,20,12.75,few clouds,0.0,0.0
49,Hilo,US,2019-11-08 05:14:28,19.71,-155.08,78.8,65,40,4.7,scattered clouds,0.0,0.0
50,Port Elizabeth,US,2019-11-08 05:13:01,39.31,-74.98,48.2,75,90,13.87,overcast clouds,0.0,0.0
51,Cherskiy,RU,2019-11-08 05:15:42,68.75,161.3,18.28,73,100,5.64,overcast clouds,0.0,0.0
52,Beinamar,TD,2019-11-08 05:15:42,8.67,15.38,73.09,62,52,4.14,broken clouds,0.0,0.0
53,Qaanaaq,GL,2019-11-08 05:14:58,77.48,-69.36,-3.28,65,0,6.85,clear sky,0.0,0.0
54,Dosso,NE,2019-11-08 05:15:43,13.05,3.19,76.12,37,2,4.14,clear sky,0.0,0.0
55,Townsville,AU,2019-11-08 05:15:43,-19.26,146.82,86.0,45,0,10.29,clear sky,0.0,0.0
56,Carnarvon,ZA,2019-11-08 05:13:21,-30.97,22.13,56.52,41,27,16.37,scattered clouds,0.0,0.0
57,Nantucket,US,2019-11-08 05:15:43,41.28,-70.1,48.2,93,90,12.75,light rain,0.0,0.0
58,Pangnirtung,CA,2019-11-08 05:15:44,66.15,-65.72,15.28,65,53,3.51,broken clouds,0.0,0.0
59,Mogzon,RU,2019-11-08 05:15:44,51.74,111.97,36.39,47,30,11.86,scattered clouds,0.0,0.0
60,Rikitea,PF,2019-11-08 05:13:01,-23.12,-134.97,74.55,82,81,9.91,broken clouds,0.0,0.0
61,Caravelas,BR,2019-11-08 05:14:40,-17.73,-39.27,68.97,96,2,7.27,clear sky,0.0,0.0
62,Wakefield,GB,2019-11-08 05:15:44,53.68,-1.5,44.6,80,20,11.41,few clouds,0.0,0.0
63,Nikolskoye,RU,2019-11-08 05:15:15,59.7,30.79,26.6,92,75,6.71,light snow,0.0,0.0
64,Vaini,IN,2019-11-08 05:13:17,15.34,74.49,75.2,78,40,0.76,scattered clouds,0.0,0.0
65,Blagodatnoye,RU,2019-11-08 05:15:45,51.57,35.54,44.6,93,90,11.18,light rain,0.0,0.0
66,Katsuura,JP,2019-11-08 05:13:30,33.93,134.5,62.6,48,75,11.41,broken clouds,0.0,0.0
67,Busselton,AU,2019-11-08 05:14:18,-33.64,115.35,74.41,47,0,2.68,clear sky,0.0,0.0
68,Cape Town,ZA,2019-11-08 05:14:31,-33.93,18.42,60.8,63,20,16.11,few clouds,0.0,0.0
69,Chokurdakh,RU,2019-11-08 05:15:12,70.62,147.9,-8.4,98,77,7.36,broken clouds,0.0,0.0
70,Vostok,RU,2019-11-08 05:14:12,46.45,135.83,17.85,79,99,11.1,light snow,0.0,0.13
71,Mar Del Plata,AR,2019-11-08 05:15:15,-46.43,-67.52,49.32,36,0,18.23,clear sky,0.0,0.0
72,Nioki,CD,2019-11-08 05:15:46,-2.72,17.69,74.26,93,85,2.62,light rain,2.25,0.0
73,Nazarovo,RU,2019-11-08 05:15:47,56.01,90.42,35.8,63,100,13.6,light snow,0.0,0.5
74,Tuktoyaktuk,CA,2019-11-08 05:15:24,69.44,-133.03,10.4,78,90,18.34,overcast clouds,0.0,0.0
75,New Norfolk,AU,2019-11-08 05:13:02,-42.78,147.06,50.0,53,75,12.75,light intensity shower rain,0.0,0.0
76,Arman,RU,2019-11-08 05:13:12,59.7,150.17,36.63,75,100,28.74,light snow,0.0,0.13
77,Hermanus,ZA,2019-11-08 05:14:27,-34.42,19.24,60.87,77,7,14.32,clear sky,0.0,0.0
78,Bhayavadar,IN,2019-11-08 05:15:48,21.39,70.99,86.31,49,0,13.71,clear sky,0.0,0.0
79,Ponta Do Sol,BR,2019-11-08 05:15:13,-20.63,-46.0,67.26,94,100,1.88,moderate rain,5.37,0.0
80,Faanui,PF,2019-11-08 05:15:48,-16.48,-151.75,80.94,81,17,20.2,few clouds,0.0,0.0
81,Turukhansk,RU,2019-11-08 05:15:48,65.8,87.96,8.15,96,89,6.08,overcast clouds,0.0,0.0
82,Albany,US,2019-11-08 05:13:10,42.65,-73.75,32.0,86,40,10.29,shower snow,0.0,0.0
83,Lucera,IT,2019-11-08 05:15:49,41.51,15.34,46.4,93,3,2.24,clear sky,0.0,0.0
84,Puerto Ayora,EC,2019-11-08 05:11:45,-0.74,-90.35,68.95,90,86,5.93,overcast clouds,0.0,0.0
85,Cairns,AU,2019-11-08 05:11:47,-16.92,145.77,82.4,58,31,9.17,scattered clouds,0.0,0.0
86,Chunoyar,RU,2019-11-08 05:15:49,57.45,97.32,31.21,94,100,13.53,light snow,0.0,0.31
87,Kutum,SD,2019-11-08 05:15:49,14.2,24.66,70.75,18,0,7.0,clear sky,0.0,0.0
88,Smithers,CA,2019-11-08 05:13:17,54.78,-127.17,33.8,100,90,2.24,light snow,0.0,0.0
89,Shelburne,CA,2019-11-08 05:15:50,44.08,-80.2,28.4,92,90,5.59,overcast clouds,0.0,0.0
90,Barrow,AR,2019-11-08 05:15:04,-38.31,-60.23,40.64,93,30,7.96,scattered clouds,0.0,0.0
91,Kuusamo,FI,2019-11-08 05:13:44,65.96,29.19,14.0,100,90,2.24,light snow,0.0,0.0
92,Mount Gambier,AU,2019-11-08 05:13:26,-37.83,140.78,53.6,76,75,19.46,light intensity shower rain,0.0,0.0
93,Provideniya,RU,2019-11-08 05:15:01,64.42,-173.23,30.2,74,2,22.37,extreme rain,0.0,0.0
94,Mahebourg,MU,2019-11-08 05:13:07,-20.41,57.7,77.0,73,75,13.87,broken clouds,0.0,0.0
95,Marshfield,US,2019-11-08 05:15:51,42.09,-70.71,46.4,100,90,6.93,light rain,0.0,0.0
96,Kodiak,US,2019-11-08 05:15:16,39.95,-94.76,23.0,62,1,4.7,clear sky,0.0,0.0
97,Ostrovnoy,RU,2019-11-08 05:15:51,68.05,39.51,16.97,90,100,6.98,overcast clouds,0.0,0.0
98,Voh,NC,2019-11-08 05:15:52,-20.95,164.69,72.45,68,1,6.8,clear sky,0.0,0.0
99,Tuatapere,NZ,2019-11-08 05:13:13,-46.13,167.69,50.85,82,41,5.91,light rain,1.94,0.0
100,Genhe,CN,2019-11-08 05:15:52,50.78,121.52,23.22,49,0,8.01,clear sky,0.0,0.0
101,Shebalino,RU,2019-11-08 05:15:52,51.29,85.68,31.15,69,76,9.89,broken clouds,0.0,0.0
102,Tasiilaq,GL,2019-11-08 05:15:12,65.61,-37.64,35.6,64,100,41.38,light snow,0.0,1.37
103,Luba,PH,2019-11-08 05:15:53,17.32,120.7,86.29,69,5,4.47,moderate rain,4.19,0.0
104,Heerde,NL,2019-11-08 05:15:53,52.39,6.04,37.4,100,5,5.82,clear sky,0.0,0.0
105,Belaya Gora,RU,2019-11-08 05:13:27,68.54,146.19,-10.81,100,9,1.12,clear sky,0.0,0.0
106,Port Lincoln,AU,2019-11-08 05:15:36,-34.72,135.86,58.41,50,48,19.53,scattered clouds,0.0,0.0
107,Sao Filipe,CV,2019-11-08 05:15:54,14.9,-24.5,73.89,80,100,11.86,overcast clouds,0.0,0.0
108,Mendi,ET,2019-11-08 05:15:54,9.8,35.1,69.73,90,74,1.66,light rain,1.81,0.0
109,Bambous Virieux,MU,2019-11-08 05:14:54,-20.34,57.76,80.6,65,75,17.22,broken clouds,0.0,0.0
110,Shiyan,CN,2019-11-08 05:15:54,32.65,110.78,65.55,44,1,5.19,clear sky,0.0,0.0
111,Tacuarembo,UY,2019-11-08 05:15:55,-31.73,-55.98,57.6,91,0,2.51,clear sky,0.0,0.0
112,Ribeira Grande,PT,2019-11-08 05:15:03,38.52,-28.7,61.95,83,74,4.88,broken clouds,0.0,0.0
113,Torbay,CA,2019-11-08 05:15:26,47.66,-52.73,33.8,80,20,8.05,few clouds,0.0,0.0
114,Marquette,US,2019-11-08 05:15:55,46.54,-87.4,26.6,85,1,8.05,light rain,0.0,0.0
115,Arraial Do Cabo,BR,2019-11-08 05:13:19,-22.97,-42.02,72.93,91,100,9.71,light rain,0.13,0.0
116,Lincoln,GB,2019-11-08 05:15:28,53.23,-0.54,46.4,87,75,13.87,broken clouds,0.0,0.0
117,Moffat,GB,2019-11-08 05:15:56,55.33,-3.44,37.4,74,10,5.82,clear sky,0.0,0.0
118,Rocha,UY,2019-11-08 05:13:58,-34.48,-54.34,53.37,88,0,6.89,clear sky,0.0,0.0
119,Fortuna,US,2019-11-08 05:15:56,40.6,-124.16,48.2,100,90,3.06,overcast clouds,0.0,0.0
120,Pandamatenga,BW,2019-11-08 05:15:56,-18.54,25.64,84.25,23,1,7.94,clear sky,0.0,0.0
121,Khatanga,RU,2019-11-08 05:14:48,71.98,102.47,-8.94,93,42,12.5,scattered clouds,0.0,0.0
122,Isangel,VU,2019-11-08 05:13:07,-19.55,169.27,78.8,74,75,6.93,broken clouds,0.0,0.0
123,Nefteyugansk,RU,2019-11-08 05:15:57,61.09,72.61,1.4,84,93,11.18,overcast clouds,0.0,0.0
124,Usinsk,RU,2019-11-08 05:15:25,66.0,57.56,1.69,97,71,5.99,broken clouds,0.0,0.0
125,Naze,NG,2019-11-08 05:15:58,5.43,7.07,75.45,94,78,1.81,broken clouds,0.0,0.0
126,Beringovskiy,RU,2019-11-08 05:15:58,63.05,179.32,27.18,93,53,14.07,broken clouds,0.0,0.0
127,Cidreira,BR,2019-11-08 05:15:58,-30.17,-50.22,68.65,90,10,12.77,clear sky,0.0,0.0
128,Golden,US,2019-11-08 05:15:58,39.76,-105.22,37.4,86,1,1.3,clear sky,0.0,0.0
129,Honiara,SB,2019-11-08 05:15:59,-9.43,159.96,86.0,74,75,5.82,light thunderstorm,0.0,0.0
130,Srednekolymsk,RU,2019-11-08 05:13:13,67.46,153.71,-2.19,98,13,2.8,few clouds,0.0,0.0
131,Avarua,CK,2019-11-08 05:15:24,-21.21,-159.78,75.2,78,100,10.29,overcast clouds,0.0,0.0
132,Hasaki,JP,2019-11-08 05:15:33,35.73,140.83,60.8,55,20,12.75,few clouds,0.0,0.0
133,Parati,BR,2019-11-08 05:16:00,-20.51,-54.63,71.6,100,75,3.36,broken clouds,0.0,0.0
134,Yulara,AU,2019-11-08 05:16:00,-25.24,130.99,93.2,9,0,18.34,clear sky,0.0,0.0
135,Castro,CL,2019-11-08 05:16:00,-42.48,-73.76,35.6,90,98,2.91,overcast clouds,0.0,0.0
136,San Patricio,PY,2019-11-08 05:14:06,-26.98,-56.83,69.06,98,20,4.34,few clouds,0.0,0.0
137,Limon,US,2019-11-08 05:16:00,39.26,-103.69,24.8,100,1,5.82,clear sky,0.0,0.0
138,Kifri,IQ,2019-11-08 05:16:01,34.69,44.96,74.07,21,0,7.78,clear sky,0.0,0.0
139,Deputatskiy,RU,2019-11-08 05:12:59,69.3,139.9,-7.91,92,85,2.84,overcast clouds,0.0,0.0
140,Raton,US,2019-11-08 05:12:00,36.9,-104.44,33.8,80,1,4.7,clear sky,0.0,0.0
141,Shanhetun,CN,2019-11-08 05:16:02,44.7,127.2,35.98,29,0,8.66,clear sky,0.0,0.0
142,Saldanha,PT,2019-11-08 05:15:17,41.42,-6.55,37.04,91,14,10.29,few clouds,0.0,0.0
143,Saint-Philippe,CA,2019-11-08 05:13:02,45.36,-73.48,30.2,86,90,6.76,overcast clouds,0.0,0.0
144,Eureka,US,2019-11-08 05:13:01,40.8,-124.16,48.2,100,90,1.9,overcast clouds,0.0,0.0
145,Verkhnevilyuysk,RU,2019-11-08 05:16:03,63.45,120.31,-1.31,83,0,1.97,clear sky,0.0,0.0
146,Najran,SA,2019-11-08 05:15:24,17.54,44.22,69.8,32,0,9.24,clear sky,0.0,0.0
147,Ketchikan,US,2019-11-08 05:16:03,55.34,-131.65,51.8,100,90,24.16,moderate rain,0.0,0.0
148,Kavieng,PG,2019-11-08 05:13:51,-2.57,150.8,84.52,72,96,12.33,light rain,0.44,0.0
149,Pevek,RU,2019-11-08 05:13:13,69.7,170.27,22.35,59,83,14.7,broken clouds,0.0,0.0
150,Riohacha,CO,2019-11-08 05:16:04,11.54,-72.91,79.57,84,71,13.22,broken clouds,0.0,0.0
151,Klaksvik,FO,2019-11-08 05:16:04,62.23,-6.59,32.0,60,85,6.93,overcast clouds,0.0,0.0
152,Bonavista,CA,2019-11-08 05:16:05,48.65,-53.11,39.88,72,70,17.72,broken clouds,0.0,0.0
153,Ilinskiy,RU,2019-11-08 05:16:05,55.62,38.12,39.2,93,90,6.71,overcast clouds,0.0,0.0
154,Weligama,LK,2019-11-08 05:16:05,5.97,80.42,85.91,67,50,7.45,light rain,0.25,0.0
155,Kaduy,RU,2019-11-08 05:16:06,59.2,37.15,17.6,92,90,8.95,overcast clouds,0.0,0.0
156,Berlevag,NO,2019-11-08 05:13:08,70.86,29.09,21.2,92,40,10.29,scattered clouds,0.0,0.0
157,Dikson,RU,2019-11-08 05:16:06,73.51,80.55,-6.27,97,74,10.42,broken clouds,0.0,0.0
158,Pisco,PE,2019-11-08 05:13:08,-13.71,-76.2,64.4,82,0,10.29,clear sky,0.0,0.0
159,Syamzha,RU,2019-11-08 05:16:07,60.02,41.06,10.81,95,2,4.79,clear sky,0.0,0.0
160,Antsohihy,MG,2019-11-08 05:16:07,-14.88,47.99,91.45,38,98,10.18,overcast clouds,0.0,0.0
161,Sayyan,YE,2019-11-08 05:16:07,15.17,44.32,60.28,37,0,8.79,clear sky,0.0,0.0
162,Resplendor,BR,2019-11-08 05:16:07,-19.33,-41.26,70.27,90,52,3.58,broken clouds,0.0,0.0
163,Batemans Bay,AU,2019-11-08 05:16:08,-35.71,150.18,59.49,41,23,11.5,few clouds,0.0,0.0
164,Hamilton,CA,2019-11-08 05:15:31,43.26,-79.87,30.2,86,75,4.7,broken clouds,0.0,0.0
165,East London,ZA,2019-11-08 05:14:59,-33.02,27.91,66.2,52,11,19.46,few clouds,0.0,0.0
166,Judaberg,NO,2019-11-08 05:16:08,59.17,5.87,32.0,85,3,4.65,clear sky,0.0,0.0
167,Mount Pleasant,US,2019-11-08 05:13:04,33.16,-94.97,50.0,81,75,6.93,broken clouds,0.0,0.0
168,Gull Lake,CA,2019-11-08 05:16:09,50.1,-108.48,21.2,79,1,16.11,clear sky,0.0,0.0
169,Bridgwater,GB,2019-11-08 05:16:09,51.13,-3.0,42.8,93,75,5.82,light intensity drizzle,0.0,0.0
170,Abu Samrah,SY,2019-11-08 05:16:09,35.3,37.18,67.08,40,0,7.87,clear sky,0.0,0.0
171,Lekoni,GA,2019-11-08 05:16:10,-1.58,14.26,71.13,92,100,5.41,moderate rain,3.88,0.0
172,Gouyave,GD,2019-11-08 05:16:10,12.16,-61.73,82.4,78,20,10.29,few clouds,0.0,0.0
173,Kavaratti,IN,2019-11-08 05:16:10,10.57,72.64,84.2,74,20,9.17,few clouds,0.0,0.0
174,Salinas,US,2019-11-08 05:16:11,36.67,-121.66,55.4,81,90,6.93,overcast clouds,0.0,0.0
175,Sorland,NO,2019-11-08 05:15:13,67.67,12.69,19.4,92,20,5.82,few clouds,0.0,0.0
176,Taclobo,PH,2019-11-08 05:16:11,12.31,122.59,84.06,67,36,7.94,scattered clouds,0.0,0.0
177,Airai,TL,2019-11-08 05:10:33,-8.93,125.41,82.63,43,0,8.97,clear sky,0.0,0.0
178,Vershino-Shakhtaminskiy,RU,2019-11-08 05:16:11,51.3,117.89,29.95,58,78,4.03,broken clouds,0.0,0.0
179,Caconda,AO,2019-11-08 05:16:12,-13.73,15.06,64.94,74,76,6.08,broken clouds,0.0,0.0
180,Saint-Donat-De-Montcalm,CA,2019-11-08 05:16:12,46.32,-74.22,19.26,76,52,7.11,broken clouds,0.0,0.0
181,Namtsy,RU,2019-11-08 05:16:12,62.72,129.66,-9.41,76,100,2.24,overcast clouds,0.0,0.0
182,Sibolga,ID,2019-11-08 05:16:12,1.74,98.78,87.42,57,96,2.93,light rain,0.88,0.0
183,Chirongui,YT,2019-11-08 05:16:13,-12.93,45.15,84.2,83,31,6.93,scattered clouds,0.0,0.0
184,Neuquen,AR,2019-11-08 05:16:13,-38.95,-68.06,53.6,50,50,2.24,scattered clouds,0.0,0.0
185,Playa Vicente,MX,2019-11-08 05:16:13,17.83,-95.81,71.8,95,3,3.53,clear sky,0.0,0.0
186,Sompeta,IN,2019-11-08 05:16:13,18.93,84.6,79.0,60,100,8.16,overcast clouds,0.0,0.0
187,Sola,TZ,2019-11-08 05:13:10,-3.17,33.8,75.67,57,74,7.81,light rain,0.31,0.0
188,Mildura,AU,2019-11-08 05:16:14,-34.18,142.16,64.4,34,40,17.22,scattered clouds,0.0,0.0
189,Nago,IT,2019-11-08 05:16:14,45.88,10.89,51.8,87,75,6.93,moderate rain,0.0,0.0
190,Ilulissat,GL,2019-11-08 05:16:15,69.22,-51.1,35.6,31,100,16.11,overcast clouds,0.0,0.0
191,Hanna,CA,2019-11-08 05:16:15,51.64,-111.93,30.49,64,100,7.58,overcast clouds,0.0,0.0
192,Bowen,AU,2019-11-08 05:16:15,-20.01,148.25,91.4,38,0,14.99,clear sky,0.0,0.0
193,Chuy,UY,2019-11-08 05:13:23,-33.69,-53.46,60.31,95,0,8.14,clear sky,0.0,0.0
194,Zhigansk,RU,2019-11-08 05:16:16,66.77,123.37,-19.11,95,51,7.09,broken clouds,0.0,0.0
195,Nome,US,2019-11-08 05:12:20,30.04,-94.42,64.4,100,90,13.87,mist,0.0,0.0
196,Pascagoula,US,2019-11-08 05:16:16,30.37,-88.56,71.6,88,75,6.93,broken clouds,0.0,0.0
197,Marrakesh,MA,2019-11-08 05:16:16,31.63,-7.99,53.6,81,40,3.36,scattered clouds,0.0,0.0
198,Georgetown,GY,2019-11-08 05:14:30,6.8,-58.16,75.2,100,20,2.24,few clouds,0.0,0.0
199,Saint George,GR,2019-11-08 05:12:15,39.45,22.34,55.4,100,75,2.24,broken clouds,0.0,0.0
200,Isabela,PH,2019-11-08 05:16:17,10.2,122.99,79.93,76,19,12.46,light rain,0.63,0.0
201,Skagen,SE,2019-11-08 05:16:17,58.6,13.44,35.6,100,100,10.29,overcast clouds,0.0,0.0
202,Zyryanka,RU,2019-11-08 05:13:18,65.73,150.89,-1.74,95,13,4.38,few clouds,0.0,0.0
203,Ahipara,NZ,2019-11-08 05:16:18,-35.17,173.16,64.99,90,74,14.45,light rain,0.19,0.0
204,Gazojak,TM,2019-11-08 05:16:18,41.19,61.4,53.76,23,0,7.36,clear sky,0.0,0.0
205,Grindavik,IS,2019-11-08 05:14:00,63.84,-22.43,39.2,69,90,26.4,overcast clouds,0.0,0.0
206,Dali,CN,2019-11-08 05:16:18,34.79,109.94,63.84,44,0,5.77,clear sky,0.0,0.0
207,Villa Sandino,NI,2019-11-08 05:16:19,12.05,-84.99,73.74,93,99,14.65,overcast clouds,0.0,0.0
208,Salinopolis,BR,2019-11-08 05:16:19,-0.61,-47.36,81.93,78,6,14.67,clear sky,0.0,0.0
209,Saint Anthony,US,2019-11-08 05:16:19,43.97,-111.68,28.4,68,1,3.36,clear sky,0.0,0.0
210,Corowa,AU,2019-11-08 05:16:20,-36.0,146.39,53.6,71,90,21.92,moderate rain,0.0,0.0
211,Rakaia,NZ,2019-11-08 05:16:20,-43.76,172.02,77.0,33,33,23.04,scattered clouds,0.0,0.0
212,Medea,DZ,2019-11-08 05:16:20,36.27,2.77,59.0,87,75,11.41,broken clouds,0.0,0.0
213,Butaritari,KI,2019-11-08 05:15:01,3.07,172.79,84.87,63,18,4.74,few clouds,0.0,0.0
214,Lata,IN,2019-11-08 05:13:17,30.78,78.62,29.71,90,38,7.72,light snow,0.0,0.38
215,Bubaque,GW,2019-11-08 05:14:18,11.28,-15.83,83.48,64,7,8.34,clear sky,0.0,0.0
216,Anadyr,RU,2019-11-08 05:16:21,64.73,177.51,14.0,85,0,6.71,clear sky,0.0,0.0
217,San Quintin,PH,2019-11-08 05:13:31,17.54,120.52,86.29,69,5,4.47,moderate rain,4.19,0.0
218,Ntcheu,MW,2019-11-08 05:16:22,-14.82,34.64,75.52,56,19,10.96,few clouds,0.0,0.0
219,Constitucion,MX,2019-11-08 05:10:23,23.99,-104.67,61.56,71,80,3.47,broken clouds,0.0,0.0
220,Mokhsogollokh,RU,2019-11-08 05:16:22,61.4,128.95,-2.58,89,98,5.37,overcast clouds,0.0,0.0
221,Padang,ID,2019-11-08 05:16:22,-0.92,100.36,80.28,66,100,4.79,light rain,0.38,0.0
222,Pulo,ID,2019-11-08 05:16:23,5.21,96.25,75.51,78,100,2.57,light rain,0.44,0.0
223,Thompson,CA,2019-11-08 05:13:14,55.74,-97.86,10.4,78,90,6.93,overcast clouds,0.0,0.0
224,Lobito,AO,2019-11-08 05:16:23,-12.35,13.55,77.27,84,67,2.39,broken clouds,0.0,0.0
225,Lamu,CN,2019-11-08 05:16:23,35.77,102.37,45.01,38,16,3.89,few clouds,0.0,0.0
226,Batken,KG,2019-11-08 05:16:24,40.06,70.82,43.5,38,0,3.69,clear sky,0.0,0.0
227,Launceston,AU,2019-11-08 05:16:24,-41.43,147.14,51.8,66,75,9.17,broken clouds,0.0,0.0
228,Lodja,CD,2019-11-08 05:16:24,-3.52,23.6,76.14,77,98,2.91,overcast clouds,0.0,0.0
229,North Bend,US,2019-11-08 05:14:15,43.41,-124.22,44.6,100,90,5.82,light rain,0.0,0.0
230,Pacific Grove,US,2019-11-08 05:15:26,36.62,-121.92,55.4,76,90,3.36,overcast clouds,0.0,0.0
231,Waynesville,US,2019-11-08 05:14:52,37.83,-92.2,28.4,68,1,5.82,clear sky,0.0,0.0
232,Catuday,PH,2019-11-08 05:15:56,16.29,119.81,83.68,74,33,8.48,light rain,0.12,0.0
233,Miri,NG,2019-11-08 05:16:25,10.31,9.75,71.67,38,47,1.5,scattered clouds,0.0,0.0
234,Nishihara,JP,2019-11-08 05:15:25,35.74,139.53,64.4,39,40,2.24,scattered clouds,0.0,0.0
235,Saskylakh,RU,2019-11-08 05:13:29,71.97,114.09,-24.74,98,0,5.95,clear sky,0.0,0.0
236,Wanaka,NZ,2019-11-08 05:16:26,-44.7,169.14,48.78,63,7,14.12,clear sky,0.0,0.0
237,Gagnoa,CI,2019-11-08 05:16:26,6.13,-5.95,70.63,99,42,1.21,scattered clouds,0.0,0.0
238,Lebu,ET,2019-11-08 05:14:30,8.96,38.73,60.31,53,47,3.67,scattered clouds,0.0,0.0
239,Yar-Sale,RU,2019-11-08 05:16:27,66.83,70.83,-7.59,93,8,13.87,clear sky,0.0,0.0
240,Killybegs,IE,2019-11-08 05:11:44,54.63,-8.45,43.34,66,35,9.06,scattered clouds,0.0,0.0
241,Faya,SA,2019-11-08 05:12:32,18.39,42.45,66.2,59,0,2.04,clear sky,0.0,0.0
242,Leh,IN,2019-11-08 05:16:27,34.16,77.58,15.42,81,100,2.53,light snow,0.0,0.44
243,Asyut,EG,2019-11-08 05:16:28,27.18,31.19,60.8,72,47,3.36,scattered clouds,0.0,0.0
244,College,US,2019-11-08 05:13:03,64.86,-147.8,24.8,79,75,3.36,light rain,0.0,0.0
245,Coffs Harbour,AU,2019-11-08 05:16:28,-30.3,153.13,93.2,10,0,12.75,clear sky,0.0,0.0
246,Trinidad,BO,2019-11-08 05:16:28,-14.83,-64.9,72.25,98,100,1.16,moderate rain,3.5,0.0
247,Sindor,RU,2019-11-08 05:16:28,62.87,51.9,12.13,93,0,2.21,clear sky,0.0,0.0
248,Kahului,US,2019-11-08 05:11:15,20.89,-156.47,78.8,78,40,12.75,light rain,0.0,0.0
249,Minsk,BY,2019-11-08 05:16:29,53.9,27.56,39.2,100,90,4.12,fog,0.0,0.0
250,Saint-Joseph,FR,2019-11-08 05:16:29,43.56,6.97,51.8,87,100,2.24,overcast clouds,0.0,0.0
251,Bathsheba,BB,2019-11-08 05:13:32,13.22,-59.52,82.4,74,40,19.46,scattered clouds,0.0,0.0
252,La Crosse,US,2019-11-08 05:16:29,43.8,-91.24,15.8,72,1,3.36,clear sky,0.0,0.0
253,Am Timan,TD,2019-11-08 05:16:30,11.04,20.28,76.23,41,37,4.36,scattered clouds,0.0,0.0
254,Bermeo,ES,2019-11-08 05:16:30,43.42,-2.72,48.2,81,75,8.05,light rain,0.0,0.0
255,Talcahuano,CL,2019-11-08 05:16:30,-36.72,-73.12,53.6,87,84,6.93,broken clouds,0.0,0.0
256,Jedrzejow,PL,2019-11-08 05:16:30,50.64,20.3,38.59,98,22,5.79,few clouds,0.0,0.0
257,Bow Island,CA,2019-11-08 05:16:31,49.87,-111.38,24.8,62,1,9.17,clear sky,0.0,0.0
258,Soyo,AO,2019-11-08 05:16:31,-6.13,12.37,79.68,81,97,2.59,overcast clouds,0.0,0.0
259,Rongcheng,CN,2019-11-08 05:16:31,37.16,122.42,57.69,38,0,7.74,clear sky,0.0,0.0
260,Te Anau,NZ,2019-11-08 05:15:20,-45.41,167.72,50.18,77,87,6.82,light rain,2.44,0.0
261,Rio Grande,BR,2019-11-08 05:12:39,-32.03,-52.1,64.87,92,0,1.61,clear sky,0.0,0.0
262,Waipawa,NZ,2019-11-08 05:16:32,-39.94,176.59,69.15,72,0,4.25,clear sky,0.0,0.0
263,Victoria,BN,2019-11-08 05:14:53,5.28,115.24,87.8,66,75,4.7,broken clouds,0.0,0.0
264,Havoysund,NO,2019-11-08 05:14:01,71.0,24.66,30.2,92,90,5.82,snow,0.0,0.0
265,Idaho Falls,US,2019-11-08 05:14:12,43.49,-112.04,28.4,68,1,3.36,clear sky,0.0,0.0
266,Dingle,PH,2019-11-08 05:16:33,11.0,122.67,83.71,75,7,15.61,light rain,0.38,0.0
267,Ixtapa,MX,2019-11-08 05:16:33,20.71,-105.21,80.6,88,5,1.79,clear sky,0.0,0.0
268,Taoudenni,ML,2019-11-08 05:16:33,22.68,-3.98,66.54,26,59,4.03,broken clouds,0.0,0.0
269,Anzio,IT,2019-11-08 05:16:33,41.45,12.63,57.2,76,40,18.34,shower rain,0.0,0.0
270,Prince Rupert,CA,2019-11-08 05:16:34,54.32,-130.32,51.8,87,90,17.22,overcast clouds,0.0,0.0
271,Kloulklubed,PW,2019-11-08 05:16:34,7.04,134.26,80.6,78,90,9.17,light intensity shower rain,0.0,0.0
272,Lompoc,US,2019-11-08 05:16:34,34.64,-120.46,53.6,81,90,8.34,overcast clouds,0.0,0.0
273,Nicoya,CR,2019-11-08 05:16:34,10.15,-85.45,80.6,69,99,9.17,overcast clouds,0.0,0.0
274,Troitskoye,RU,2019-11-08 05:16:35,52.98,84.68,40.95,48,100,17.58,overcast clouds,0.0,0.0
275,Alice Springs,AU,2019-11-08 05:10:09,-23.7,133.88,93.2,10,0,10.29,clear sky,0.0,0.0
276,Yugorsk,RU,2019-11-08 05:16:35,61.32,63.33,11.93,82,0,6.64,clear sky,0.0,0.0
277,Mungwi,ZM,2019-11-08 05:16:35,-10.17,31.37,77.43,50,57,9.4,broken clouds,0.0,0.0
278,Praya,ID,2019-11-08 05:13:11,-8.71,116.27,91.4,49,40,10.29,scattered clouds,0.0,0.0
279,Hearst,CA,2019-11-08 05:16:36,49.69,-83.67,9.55,92,87,2.86,overcast clouds,0.0,0.0
280,Shache,CN,2019-11-08 05:16:36,38.42,77.24,56.05,27,90,1.74,overcast clouds,0.0,0.0
281,Touros,BR,2019-11-08 05:16:36,-5.2,-35.46,73.4,88,75,3.36,broken clouds,0.0,0.0
282,South Sioux City,US,2019-11-08 05:16:36,42.47,-96.41,19.4,73,1,6.93,clear sky,0.0,0.0
283,Upernavik,GL,2019-11-08 05:13:38,72.79,-56.15,8.28,65,0,6.26,clear sky,0.0,0.0
284,Ajdabiya,LY,2019-11-08 05:14:38,30.75,20.22,67.46,69,0,5.73,clear sky,0.0,0.0
285,Devils Lake,US,2019-11-08 05:16:37,48.11,-98.87,21.2,79,40,9.17,scattered clouds,0.0,0.0
286,Grand Island,US,2019-11-08 05:16:37,40.92,-98.34,28.4,73,1,10.29,clear sky,0.0,0.0
287,Aklavik,CA,2019-11-08 05:15:12,68.22,-135.01,12.2,78,90,5.82,light snow,0.0,0.0
288,Saint-Leu,RE,2019-11-08 05:16:37,-21.15,55.28,80.6,61,76,6.93,light rain,0.25,0.0
289,Monchegorsk,RU,2019-11-08 05:16:38,67.94,32.93,15.69,95,100,1.43,light snow,0.0,0.19
290,Blonie,PL,2019-11-08 05:16:38,52.2,20.62,39.2,100,90,8.05,fog,0.0,0.0
291,Oktyabrskiy,RU,2019-11-08 05:16:38,55.61,37.97,39.2,93,90,6.71,overcast clouds,0.0,0.0
292,Pyshma,RU,2019-11-08 05:16:38,56.95,63.25,26.69,81,100,12.53,light snow,0.0,0.12
293,Hofn,IS,2019-11-08 05:15:09,64.25,-15.21,39.56,72,99,8.43,light snow,0.0,0.19
294,Saint-Francois,FR,2019-11-08 05:16:39,46.42,3.91,37.4,93,45,4.41,scattered clouds,0.0,0.0
295,Ola,RU,2019-11-08 05:16:39,59.58,151.3,34.95,83,98,23.96,overcast clouds,0.0,0.0
296,Ballina,IE,2019-11-08 05:13:15,54.11,-9.15,34.88,91,8,2.15,clear sky,0.0,0.0
297,Fairbanks,US,2019-11-08 05:11:44,64.84,-147.72,23.0,73,90,10.29,light snow,0.0,0.0
298,Kalaleh,IR,2019-11-08 05:16:40,37.38,55.49,55.4,66,0,2.35,clear sky,0.0,0.0
299,Carbonia,IT,2019-11-08 05:16:40,39.17,8.53,57.2,93,75,5.82,thunderstorm with rain,0.0,0.0
300,Tudela,ES,2019-11-08 05:12:35,42.06,-1.61,42.8,93,90,3.36,overcast clouds,0.0,0.0
301,Zyryanskoye,RU,2019-11-08 05:16:41,56.83,86.62,32.74,96,100,16.96,snow,0.0,2.56
302,Marfino,RU,2019-11-08 05:16:41,56.07,37.56,39.2,100,90,6.71,fog,0.0,0.0
303,Sinnamary,GF,2019-11-08 05:15:08,5.38,-52.96,81.75,82,87,14.67,overcast clouds,0.0,0.0
304,Samba,IN,2019-11-08 05:16:41,32.56,75.12,73.49,38,0,4.68,clear sky,0.0,0.0
305,Kenai,US,2019-11-08 05:16:42,60.55,-151.26,42.8,87,90,13.87,overcast clouds,0.0,0.0
306,Blagoyevo,RU,2019-11-08 05:16:42,63.37,47.92,10.99,95,27,1.41,scattered clouds,0.0,0.0
307,Mabai,CN,2019-11-08 05:16:42,23.01,104.4,63.01,80,77,3.11,light rain,0.44,0.0
308,Alofi,NU,2019-11-08 05:15:17,-19.06,-169.92,77.0,83,29,4.7,light rain,0.25,0.0
309,Darnah,LY,2019-11-08 05:16:42,32.77,22.64,71.28,76,0,11.39,clear sky,0.0,0.0
310,Nikki,BJ,2019-11-08 05:16:43,9.94,3.21,72.73,73,0,5.26,clear sky,0.0,0.0
311,Goundam,ML,2019-11-08 05:13:02,16.42,-3.66,77.67,22,6,8.59,clear sky,0.0,0.0
312,Casimiro Castillo,MX,2019-11-08 05:16:43,19.6,-104.44,71.6,85,10,3.29,clear sky,0.0,0.0
313,Okhotsk,RU,2019-11-08 05:13:51,59.36,143.24,30.6,81,100,10.71,overcast clouds,0.0,0.0
314,Sitka,US,2019-11-08 05:13:12,37.17,-99.65,33.87,29,0,4.83,clear sky,0.0,0.0
315,Kedrovyy,RU,2019-11-08 05:16:44,56.17,91.82,37.4,64,40,15.66,scattered clouds,0.0,0.0
316,Kuandian,CN,2019-11-08 05:16:44,40.73,124.78,44.65,36,0,2.37,clear sky,0.0,0.0
317,Iqaluit,CA,2019-11-08 05:16:44,63.75,-68.52,15.8,72,75,3.36,broken clouds,0.0,0.0
318,The Valley,AI,2019-11-08 05:14:12,18.22,-63.06,82.4,74,40,11.41,light intensity shower rain,0.0,0.0
319,Morondava,MG,2019-11-08 05:16:45,-20.3,44.28,97.36,36,31,3.38,scattered clouds,0.0,0.0
320,Sabya,SA,2019-11-08 05:16:45,17.15,42.62,84.2,74,20,5.82,few clouds,0.0,0.0
321,Gewane,ET,2019-11-08 05:16:45,10.16,40.66,82.94,26,0,2.73,clear sky,0.0,0.0
322,Peniche,PT,2019-11-08 05:16:45,39.36,-9.38,51.8,87,20,9.17,few clouds,0.0,0.0
323,Oistins,BB,2019-11-08 05:16:46,13.07,-59.53,82.4,74,40,19.46,scattered clouds,0.0,0.0
324,Ucluelet,CA,2019-11-08 05:14:06,48.94,-125.55,48.6,68,100,3.51,overcast clouds,0.0,0.0
325,Kastamonu,TR,2019-11-08 05:16:46,41.38,33.78,52.59,59,31,0.2,scattered clouds,0.0,0.0
326,Chumikan,RU,2019-11-08 05:16:46,54.72,135.31,13.96,52,93,18.59,overcast clouds,0.0,0.0
327,Mpika,ZM,2019-11-08 05:16:47,-11.84,31.4,76.57,50,37,9.75,scattered clouds,0.0,0.0
328,Mount Isa,AU,2019-11-08 05:16:47,-20.73,139.49,100.4,6,15,17.22,few clouds,0.0,0.0
329,Piney Green,US,2019-11-08 05:16:47,35.09,-78.48,60.8,100,90,5.82,moderate rain,0.0,0.0
330,Taltal,CL,2019-11-08 05:16:47,-25.41,-70.49,51.37,91,50,3.62,scattered clouds,0.0,0.0
331,Narsaq,GL,2019-11-08 05:12:56,60.91,-46.05,46.4,28,100,19.46,overcast clouds,0.0,0.0
332,Villa Bruzual,VE,2019-11-08 05:16:48,9.33,-69.12,72.23,96,16,4.18,light rain,0.38,0.0
333,Saraland,US,2019-11-08 05:16:48,30.82,-88.07,71.6,94,75,11.41,broken clouds,0.0,0.0
334,San Carlos De Bariloche,AR,2019-11-08 05:16:48,-41.13,-71.31,39.2,55,100,6.93,overcast clouds,0.0,0.0
335,Kruisfontein,ZA,2019-11-08 05:16:49,-34.0,24.73,60.78,70,73,10.6,light rain,0.56,0.0
336,Nelson Bay,AU,2019-11-08 05:16:50,-32.72,152.14,89.6,14,19,32.21,few clouds,0.0,0.0
337,Rajampet,IN,2019-11-08 05:16:50,14.19,79.16,80.6,78,20,1.77,haze,0.0,0.0
338,Pontianak,ID,2019-11-08 05:16:50,-0.02,109.34,89.6,66,40,2.21,scattered clouds,0.0,0.0
339,Sulangan,PH,2019-11-08 05:16:50,11.14,123.72,84.07,71,11,8.7,few clouds,0.0,0.0
340,Port Hardy,CA,2019-11-08 05:15:02,50.7,-127.42,50.0,76,75,6.93,broken clouds,0.0,0.0
341,Upington,ZA,2019-11-08 05:16:51,-28.46,21.24,59.0,30,49,4.7,scattered clouds,0.0,0.0
342,Oro Valley,US,2019-11-08 05:16:51,32.39,-110.97,66.2,39,1,5.82,clear sky,0.0,0.0
343,Bull Savanna,JM,2019-11-08 05:16:51,17.89,-77.59,70.14,92,4,2.62,clear sky,0.0,0.0
344,Azare,NG,2019-11-08 05:16:51,11.67,10.19,74.32,30,0,5.12,clear sky,0.0,0.0
345,Iskateley,RU,2019-11-08 05:12:28,67.68,53.15,7.59,92,9,6.33,clear sky,0.0,0.0
346,Suntar,RU,2019-11-08 05:15:49,62.16,117.65,3.81,79,0,4.99,clear sky,0.0,0.0
347,Royan,FR,2019-11-08 05:16:52,45.62,-1.03,51.8,93,60,13.87,light rain,0.0,0.0
348,Olga,US,2019-11-08 05:15:24,34.11,-118.17,66.2,77,1,0.47,haze,0.0,0.0
349,Kasimov,RU,2019-11-08 05:16:53,54.94,41.4,37.0,88,100,8.84,light rain,0.44,0.0
350,Xining,CN,2019-11-08 05:16:53,36.62,101.77,46.33,38,33,3.44,scattered clouds,0.0,0.0
351,Bemidji,US,2019-11-08 05:13:01,47.48,-94.89,8.6,77,1,5.08,clear sky,0.0,0.0
352,Sorong,ID,2019-11-08 05:16:53,-0.86,131.25,90.57,50,27,6.44,scattered clouds,0.0,0.0
353,Manama,AE,2019-11-08 05:16:54,25.33,56.02,86.0,54,25,2.24,scattered clouds,0.0,0.0
354,Gunjur,GM,2019-11-08 05:16:54,13.18,-16.76,81.41,61,30,15.17,scattered clouds,0.0,0.0
355,Yarmouth,CA,2019-11-08 05:16:54,43.84,-66.12,44.6,93,90,11.41,moderate rain,0.0,0.0
356,Mecca,SA,2019-11-08 05:15:03,21.43,39.83,83.84,48,0,1.05,clear sky,0.0,0.0
357,Roald,NO,2019-11-08 05:16:54,62.58,6.12,30.2,80,20,10.29,few clouds,0.0,0.0
358,Praia Da Vitoria,PT,2019-11-08 05:16:55,38.73,-27.07,62.6,93,75,7.09,broken clouds,0.0,0.0
359,Santa Cruz De La Palma,ES,2019-11-08 05:16:55,28.68,-17.76,68.0,77,90,14.99,overcast clouds,0.0,0.0
360,Dunedin,NZ,2019-11-08 05:13:01,-45.87,170.5,62.91,44,100,17.27,overcast clouds,0.0,0.0
361,Adre,TD,2019-11-08 05:13:38,13.47,22.2,71.96,20,0,13.56,clear sky,0.0,0.0
362,Altamira,BR,2019-11-08 05:16:56,-3.2,-52.21,74.39,90,31,1.45,scattered clouds,0.0,0.0
363,Bandarbeyla,SO,2019-11-08 05:15:57,9.49,50.81,81.12,64,0,5.3,clear sky,0.0,0.0
364,Bridlington,GB,2019-11-08 05:16:56,54.08,-0.19,46.4,81,100,10.29,overcast clouds,0.0,0.0
365,Lyndon,US,2019-11-08 05:16:56,38.61,-95.68,24.8,73,1,3.0,clear sky,0.0,0.0
366,Pangai,TO,2019-11-08 05:16:57,-19.8,-174.35,77.0,83,20,5.82,few clouds,0.0,0.0
367,Juneau,US,2019-11-08 05:13:24,58.3,-134.42,42.8,100,90,0.4,mist,0.0,0.0
368,Ust-Barguzin,RU,2019-11-08 05:16:57,53.41,109.03,39.4,68,17,8.63,few clouds,0.0,0.0
369,Karratha,AU,2019-11-08 05:13:17,-20.74,116.85,83.37,54,54,12.35,broken clouds,0.0,0.0
370,Taman,RU,2019-11-08 05:16:57,45.22,36.72,59.0,62,91,8.95,overcast clouds,0.0,0.0
371,Husavik,CA,2019-11-08 05:13:01,50.56,-96.99,14.86,75,45,10.25,scattered clouds,0.0,0.0
372,Tautira,PF,2019-11-08 05:16:58,-17.73,-149.15,84.2,58,75,3.36,broken clouds,0.0,0.0
373,Walvis Bay,NA,2019-11-08 05:16:58,-22.95,14.51,55.4,87,42,6.93,scattered clouds,0.0,0.0
374,Beyneu,KZ,2019-11-08 05:16:58,45.32,55.19,46.18,54,0,12.64,clear sky,0.0,0.0
375,Vao,EE,2019-11-08 05:14:24,59.1,26.19,34.0,98,100,2.77,overcast clouds,0.0,0.0
376,Santiago De Cao,PE,2019-11-08 05:16:59,-7.96,-79.24,62.6,82,40,6.93,mist,0.0,0.0
377,Bajos De Haina,DO,2019-11-08 05:16:59,18.41,-70.03,75.2,94,40,4.7,scattered clouds,0.0,0.0
378,Sao Geraldo Do Araguaia,BR,2019-11-08 05:16:59,-6.4,-48.55,75.11,84,6,1.79,clear sky,0.0,0.0
379,Northam,AU,2019-11-08 05:17:00,-31.65,116.67,84.2,20,0,17.22,clear sky,0.0,0.0
380,Laguna,BZ,2019-11-08 05:13:21,16.17,-88.94,77.0,94,90,2.24,thunderstorm with light rain,0.0,0.0
381,Margate,AU,2019-11-08 05:13:00,-43.03,147.26,50.0,53,75,12.75,light intensity shower rain,0.0,0.0
382,Nhulunbuy,AU,2019-11-08 05:17:00,-12.18,136.78,87.8,58,75,9.17,broken clouds,0.0,0.0
383,Bagn,NO,2019-11-08 05:17:01,60.82,9.55,13.41,90,22,1.95,few clouds,0.0,0.0
384,Kattivakkam,IN,2019-11-08 05:14:08,13.22,80.32,89.6,70,74,6.93,haze,0.0,0.0
385,Poum,MK,2019-11-08 05:13:47,41.28,20.71,46.4,87,75,4.38,broken clouds,0.0,0.0
386,Kraskino,RU,2019-11-08 05:17:01,42.71,130.78,48.4,41,36,26.37,scattered clouds,0.0,0.0
387,Murwara,IN,2019-11-08 05:17:01,23.85,80.4,80.1,36,8,4.36,clear sky,0.0,0.0
388,Norman Wells,CA,2019-11-08 05:15:04,65.28,-126.83,12.2,85,90,10.29,light snow,0.0,0.0
389,Berezovyy,RU,2019-11-08 05:17:02,51.67,135.7,19.0,33,31,6.08,scattered clouds,0.0,0.0
390,Bushehr,IR,2019-11-08 05:17:02,28.97,50.84,82.4,41,40,3.06,scattered clouds,0.0,0.0
391,Amalapuram,IN,2019-11-08 05:17:03,16.58,82.0,82.4,69,20,8.05,mist,0.0,0.0
392,Inuvik,CA,2019-11-08 05:17:03,68.36,-133.71,12.2,78,90,5.82,light snow,0.0,0.0
393,Lawton,US,2019-11-08 05:17:03,34.61,-98.39,39.2,64,90,9.17,overcast clouds,0.0,0.0
394,Kingston,JM,2019-11-08 05:17:03,17.97,-76.79,80.6,69,20,4.7,few clouds,0.0,0.0
395,Opuwo,NA,2019-11-08 05:17:04,-18.06,13.84,76.32,24,100,6.22,overcast clouds,0.0,0.0
396,Atar,MR,2019-11-08 05:14:09,20.52,-13.05,65.97,32,32,5.48,scattered clouds,0.0,0.0
397,Uvat,RU,2019-11-08 05:17:04,59.14,68.9,18.84,86,100,12.12,light snow,0.0,0.37
398,Svetlograd,RU,2019-11-08 05:17:04,45.34,42.84,48.2,66,90,11.18,overcast clouds,0.0,0.0
399,Sao Joao Da Barra,BR,2019-11-08 05:15:20,-21.64,-41.05,74.1,90,53,3.78,light rain,0.13,0.0
400,Benguela,AO,2019-11-08 05:17:05,-12.58,13.4,77.27,84,67,2.39,broken clouds,0.0,0.0
401,Pithoragarh,IN,2019-11-08 05:17:05,29.59,80.22,72.25,42,54,0.87,broken clouds,0.0,0.0
402,Amantea,IT,2019-11-08 05:17:05,39.13,16.07,53.6,93,40,6.93,scattered clouds,0.0,0.0
403,Ailigandi,PA,2019-11-08 05:17:06,9.23,-78.02,73.83,98,100,1.07,overcast clouds,0.0,0.0
404,Aginskoye,RU,2019-11-08 05:17:06,51.11,114.54,38.1,47,33,10.83,scattered clouds,0.0,0.0
405,Palu,ID,2019-11-08 05:17:06,-0.9,119.87,82.51,64,31,4.88,light rain,2.13,0.0
406,Matagami,NG,2019-11-08 05:17:07,9.67,8.4,68.7,60,63,4.12,broken clouds,0.0,0.0
407,Predivinsk,RU,2019-11-08 05:17:07,57.07,93.44,32.74,92,100,14.34,light snow,0.0,0.75
408,Lavrentiya,RU,2019-11-08 05:14:37,65.58,-170.99,27.61,78,0,17.67,clear sky,0.0,0.0
409,Urucara,BR,2019-11-08 05:17:08,-2.54,-57.76,79.07,65,64,0.45,broken clouds,0.0,0.0
410,Pastavy,BY,2019-11-08 05:17:08,55.11,26.84,41.92,94,74,6.87,broken clouds,0.0,0.0
411,Zhuanghe,CN,2019-11-08 05:17:09,39.7,122.97,50.14,58,0,3.69,clear sky,0.0,0.0
412,Kimberley,ZA,2019-11-08 05:17:09,-28.74,24.76,59.0,41,13,8.05,few clouds,0.0,0.0
413,Yeniseysk,RU,2019-11-08 05:17:09,58.45,92.17,33.62,97,100,12.71,light snow,0.0,0.56
414,Sioux Lookout,CA,2019-11-08 05:12:49,50.1,-91.92,14.0,56,90,8.05,light snow,0.0,0.0
415,Champerico,MX,2019-11-08 05:17:09,16.38,-93.6,73.4,78,40,6.93,scattered clouds,0.0,0.0
416,Soltsy,RU,2019-11-08 05:17:10,58.12,30.32,35.04,93,83,4.43,broken clouds,0.0,0.0
417,Gamba,CN,2019-11-08 05:17:10,28.28,88.52,34.16,36,73,3.71,broken clouds,0.0,0.0
418,Samarai,PG,2019-11-08 05:14:20,-10.62,150.67,83.16,74,100,7.34,overcast clouds,0.0,0.0
419,Khorixas,NA,2019-11-08 05:17:10,-20.37,14.96,78.87,20,100,5.01,overcast clouds,0.0,0.0
420,Mandali,IQ,2019-11-08 05:17:11,33.75,45.55,73.36,21,0,7.54,clear sky,0.0,0.0
421,Brookings,US,2019-11-08 05:12:17,44.31,-96.8,23.0,85,1,10.29,clear sky,0.0,0.0
422,Gorele,TR,2019-11-08 05:17:11,41.03,39.0,68.0,28,58,9.17,broken clouds,0.0,0.0
423,Kirakira,SB,2019-11-08 05:13:33,-10.46,161.92,79.81,84,100,3.04,light rain,1.13,0.0
424,Alytus,LT,2019-11-08 05:17:11,54.4,24.05,39.2,93,90,1.12,fog,0.0,0.0
425,Ancud,CL,2019-11-08 05:17:12,-41.87,-73.83,42.1,82,100,2.28,overcast clouds,0.0,0.0
426,Reynosa,MX,2019-11-08 05:12:40,26.07,-98.3,71.6,88,90,14.99,light rain,0.0,0.0
427,Inhambane,MZ,2019-11-08 05:17:12,-23.87,35.38,78.8,88,75,11.41,broken clouds,0.0,0.0
428,Secovce,SK,2019-11-08 05:17:12,48.7,21.66,44.6,93,75,2.24,fog,0.0,0.0
429,Zapolyarnyy,RU,2019-11-08 05:17:13,69.43,30.82,14.0,92,100,10.29,light snow,0.0,0.0
430,Oktyabrskoye,RU,2019-11-08 05:17:13,56.73,85.44,33.8,97,75,22.37,light shower snow,0.0,0.0
431,Bagru,IN,2019-11-08 05:17:13,26.81,75.54,77.0,53,20,9.17,smoke,0.0,0.0
432,Darhan,MN,2019-11-08 05:14:31,49.49,105.92,39.85,50,94,3.2,overcast clouds,0.0,0.0
433,Ust-Koksa,RU,2019-11-08 05:17:13,50.27,85.62,17.67,78,67,11.65,broken clouds,0.0,0.0
434,Luoyang,CN,2019-11-08 05:17:14,34.66,112.42,66.09,40,0,4.27,clear sky,0.0,0.0
435,Vila Velha,BR,2019-11-08 05:17:14,-3.71,-38.6,80.6,74,75,16.11,broken clouds,0.0,0.0
436,Masuguru,MZ,2019-11-08 05:17:14,-11.38,38.46,85.78,54,27,7.23,scattered clouds,0.0,0.0
437,Jacareacanga,BR,2019-11-08 05:17:14,-6.22,-57.76,75.24,82,99,1.57,overcast clouds,0.0,0.0
438,Grand Gaube,MU,2019-11-08 05:17:14,-20.01,57.66,80.6,65,75,17.22,broken clouds,0.0,0.0
439,Kumbo,CM,2019-11-08 05:17:15,6.21,10.69,64.22,84,100,2.08,overcast clouds,0.0,0.0
440,Salyan,AZ,2019-11-08 05:17:15,39.59,48.98,61.9,64,0,5.35,clear sky,0.0,0.0
441,Lagoa,PT,2019-11-08 05:13:29,37.14,-8.45,53.6,81,0,3.36,clear sky,0.0,0.0
442,Hudson Bay,CA,2019-11-08 05:17:15,52.86,-102.4,11.05,80,100,4.47,overcast clouds,0.0,0.0
443,Araouane,ML,2019-11-08 05:17:15,18.9,-3.53,75.76,20,0,9.91,clear sky,0.0,0.0
444,Erenhot,CN,2019-11-08 05:17:16,43.65,111.97,44.1,27,17,9.53,few clouds,0.0,0.0
445,Bahia Honda,CU,2019-11-08 05:17:16,22.9,-83.16,76.35,90,5,7.4,light rain,0.56,0.0
446,Cap Malheureux,MU,2019-11-08 05:13:04,-19.98,57.61,77.0,73,75,13.87,broken clouds,0.0,0.0
447,Chara,GR,2019-11-08 05:12:32,39.42,22.43,55.4,100,75,2.24,broken clouds,0.0,0.0
448,Praia,BR,2019-11-08 05:17:17,-20.25,-43.81,66.42,89,98,0.89,light rain,0.25,0.0
449,Severo-Kurilsk,RU,2019-11-08 05:13:35,50.68,156.12,33.37,73,83,34.47,light snow,0.0,0.25
450,Sisimiut,GL,2019-11-08 05:15:45,66.94,-53.67,22.75,53,100,5.37,overcast clouds,0.0,0.0
451,Vestmannaeyjar,IS,2019-11-08 05:17:17,63.44,-20.27,41.52,90,94,38.12,light rain,1.69,0.0
452,Banda Aceh,ID,2019-11-08 05:17:17,5.56,95.32,84.83,65,97,4.34,light rain,1.0,0.0
453,Oussouye,SN,2019-11-08 05:17:18,12.49,-16.54,74.01,58,1,4.18,clear sky,0.0,0.0
454,Panguna,PG,2019-11-08 05:17:18,-6.32,155.48,76.1,93,53,2.89,light rain,2.75,0.0
455,Lazaro Cardenas,MX,2019-11-08 05:17:18,28.39,-105.62,60.8,93,90,5.26,overcast clouds,0.0,0.0
456,Buin,CL,2019-11-08 05:17:18,-33.73,-70.74,68.0,32,71,6.93,broken clouds,0.0,0.0
457,Beloha,MG,2019-11-08 05:17:18,-25.17,45.06,91.74,24,0,6.38,clear sky,0.0,0.0
458,Buturlino,RU,2019-11-08 05:17:19,55.57,44.9,31.32,83,100,7.52,overcast clouds,0.0,0.0
459,Souillac,FR,2019-11-08 05:13:02,45.6,-0.6,46.4,93,83,13.87,light rain,0.0,0.0
460,Sovetskaya Gavan,RU,2019-11-08 05:17:19,48.97,140.29,25.59,46,63,14.99,broken clouds,0.0,0.0
461,Glenwood Springs,US,2019-11-08 05:17:19,39.55,-107.33,35.6,68,1,3.36,clear sky,0.0,0.0
462,Cayenne,GF,2019-11-08 05:17:20,4.94,-52.33,75.2,94,61,5.01,broken clouds,0.0,0.0
463,Kardailovo,RU,2019-11-08 05:17:20,51.54,53.9,45.27,81,99,10.07,light rain,0.12,0.0
464,Surt,LY,2019-11-08 05:17:20,31.21,16.59,61.92,76,1,6.73,clear sky,0.0,0.0
465,Bertoua,CM,2019-11-08 05:17:20,4.58,13.68,70.16,86,100,1.28,overcast clouds,0.0,0.0
466,Tottori,JP,2019-11-08 05:17:21,35.5,134.23,62.6,55,20,14.99,few clouds,0.0,0.0
467,Noumea,NC,2019-11-08 05:17:21,-22.28,166.46,82.4,48,75,10.29,broken clouds,0.0,0.0
468,Varhaug,NO,2019-11-08 05:14:54,58.61,5.65,23.0,85,59,5.03,broken clouds,0.0,0.0
469,Axim,GH,2019-11-08 05:17:21,4.87,-2.24,74.34,95,0,0.65,clear sky,0.0,0.0
470,Khromtau,KZ,2019-11-08 05:17:22,50.26,58.44,41.81,58,100,20.09,overcast clouds,0.0,0.0
471,Whitianga,NZ,2019-11-08 05:17:22,-36.83,175.7,65.37,77,0,8.03,clear sky,0.0,0.0
472,Etah,IN,2019-11-08 05:17:23,27.56,78.66,84.51,26,4,3.0,clear sky,0.0,0.0
473,Los Llanos De Aridane,ES,2019-11-08 05:14:52,28.66,-17.92,68.0,77,90,14.99,overcast clouds,0.0,0.0
474,Bonfim,GY,2019-11-08 05:17:23,3.36,-59.84,77.23,82,13,11.43,light rain,1.38,0.0
475,Ust-Omchug,RU,2019-11-08 05:17:23,61.13,149.63,10.31,98,97,5.84,overcast clouds,0.0,0.0
476,Nouadhibou,MR,2019-11-08 05:17:23,20.93,-17.03,65.61,85,98,16.71,overcast clouds,0.0,0.0
477,Haines Junction,CA,2019-11-08 05:13:57,60.75,-137.51,32.65,99,100,1.48,overcast clouds,0.0,0.0
478,Lichuan,CN,2019-11-08 05:17:24,30.3,108.94,54.84,67,24,4.45,few clouds,0.0,0.0
479,Chateaudun,FR,2019-11-08 05:17:24,48.08,1.33,41.0,100,90,11.41,overcast clouds,0.0,0.0
480,Yeppoon,AU,2019-11-08 05:17:24,-23.13,150.74,100.4,13,4,10.29,clear sky,0.0,0.0
481,Bealanana,MG,2019-11-08 05:17:25,-14.54,48.75,76.37,53,100,5.5,overcast clouds,0.0,0.0
482,Avera,US,2019-11-08 05:14:43,33.19,-82.53,66.2,87,90,8.05,moderate rain,0.0,0.0
483,Patea,NZ,2019-11-08 05:17:25,-39.76,174.48,62.13,80,14,18.68,few clouds,0.0,0.0
484,Ligayan,PH,2019-11-08 05:17:25,4.65,119.47,83.79,74,43,8.14,scattered clouds,0.0,0.0
485,Quatre Cocos,MU,2019-11-08 05:17:25,-20.21,57.76,80.6,65,75,17.22,broken clouds,0.0,0.0
486,Iquique,CL,2019-11-08 05:17:26,-20.22,-70.14,64.4,68,90,4.7,overcast clouds,0.0,0.0
487,Vanimo,PG,2019-11-08 05:17:26,-2.67,141.3,84.58,67,100,5.46,overcast clouds,0.0,0.0
488,Hun,BE,2019-11-08 05:17:26,50.34,4.87,39.2,93,20,4.7,few clouds,0.0,0.0
489,Kigoma,TZ,2019-11-08 05:17:26,-4.88,29.64,71.6,78,75,10.0,thunderstorm,0.0,0.0
490,Ulaangom,MN,2019-11-08 05:17:26,49.98,92.07,39.97,59,100,2.48,overcast clouds,0.0,0.0
491,Sigiriya,LK,2019-11-08 05:17:27,7.95,80.75,90.68,54,41,1.28,scattered clouds,0.0,0.0
492,San Rafael Del Sur,NI,2019-11-08 05:17:27,11.85,-86.44,77.0,88,40,6.93,scattered clouds,0.0,0.0
493,Tura,RU,2019-11-08 05:17:27,64.27,100.22,10.45,93,100,6.93,light snow,0.0,1.13
494,Cabo San Lucas,MX,2019-11-08 05:15:06,22.89,-109.91,77.0,73,90,4.7,overcast clouds,0.0,0.0
495,Crib Point,AU,2019-11-08 05:17:27,-38.35,145.2,53.1,64,15,28.97,light rain,0.38,0.0
496,Impfondo,CD,2019-11-08 05:17:27,1.62,18.06,76.15,77,23,1.52,few clouds,0.0,0.0
497,Hare Bay,CA,2019-11-08 05:14:07,48.86,-53.99,33.8,86,90,8.05,light snow,0.0,0.0
498,Pestovo,RU,2019-11-08 05:17:28,55.36,37.98,39.2,93,90,6.71,mist,0.0,0.0
499,Anloga,GH,2019-11-08 05:17:28,5.79,0.9,77.0,94,20,1.12,few clouds,0.0,0.0
500,Tucuman,PE,2019-11-08 05:17:28,-17.17,-70.89,51.85,59,0,0.96,clear sky,0.0,0.0
501,Cartagena,ES,2019-11-08 05:14:30,37.63,-1.0,55.4,54,28,4.7,scattered clouds,0.0,0.0
502,La Ronge,CA,2019-11-08 05:14:34,55.1,-105.3,17.6,72,90,12.75,overcast clouds,0.0,0.0
503,Dovolnoye,RU,2019-11-08 05:17:29,54.5,79.67,33.55,91,100,20.62,light rain,1.06,0.0
504,Hundested,DK,2019-11-08 05:17:29,55.97,11.85,48.2,93,83,9.17,light rain,1.81,0.0
505,Clyde River,CA,2019-11-08 05:17:30,70.47,-68.59,14.0,85,75,9.17,broken clouds,0.0,0.0
506,Piranhas,BR,2019-11-08 05:17:30,-16.43,-51.82,69.48,89,44,2.19,light rain,1.75,0.0
507,Egvekinot,RU,2019-11-08 05:17:30,66.32,-179.17,13.62,91,52,11.48,broken clouds,0.0,0.0
508,Big Spring,US,2019-11-08 05:17:31,32.25,-101.48,37.4,100,90,11.41,light rain,0.0,0.0
509,Yelan-Kolenovskiy,RU,2019-11-08 05:17:31,51.16,41.15,54.43,81,100,12.97,overcast clouds,0.0,0.0
510,Santo Tomas,PH,2019-11-08 05:17:31,7.53,125.62,91.4,52,40,8.05,scattered clouds,0.0,0.0
511,Sistranda,NO,2019-11-08 05:17:31,63.73,8.83,26.6,79,40,6.93,scattered clouds,0.0,0.0
512,Emba,CY,2019-11-08 05:17:31,34.81,32.42,66.2,45,0,9.17,clear sky,0.0,0.0
513,Inongo,CD,2019-11-08 05:17:32,-1.93,18.29,75.4,84,39,1.68,scattered clouds,0.0,0.0
514,Khandyga,RU,2019-11-08 05:17:32,62.65,135.58,-6.96,96,100,1.83,overcast clouds,0.0,0.0
515,Vechta,DE,2019-11-08 05:17:32,52.73,8.29,39.2,93,27,6.93,scattered clouds,0.0,0.0
516,Molodizhne,UA,2019-11-08 05:17:32,45.01,34.06,62.29,57,72,4.81,broken clouds,0.0,0.0
517,Vila Do Maio,CV,2019-11-08 05:17:33,15.13,-23.22,75.2,73,20,12.75,few clouds,0.0,0.0
518,Kothapet,IN,2019-11-08 05:17:33,17.37,78.55,82.4,83,75,3.96,mist,0.0,0.0
519,Santa Maria,BR,2019-11-08 05:15:19,-16.02,-48.01,69.8,83,40,2.24,scattered clouds,0.0,0.0
520,Whitecourt,CA,2019-11-08 05:14:09,54.14,-115.68,33.8,89,90,5.82,light rain,0.0,0.0
521,Perleberg,DE,2019-11-08 05:17:35,53.08,11.86,39.11,92,94,2.66,overcast clouds,0.0,0.0
522,Lashio,MM,2019-11-08 05:14:16,22.93,97.75,80.58,55,26,1.86,scattered clouds,0.0,0.0
523,Shimoda,JP,2019-11-08 05:13:51,34.7,138.93,66.2,45,20,13.87,few clouds,0.0,0.0
524,Narrabri,AU,2019-11-08 05:17:36,-30.33,149.78,87.8,12,0,23.04,clear sky,0.0,0.0
525,Coahuayana,MX,2019-11-08 05:13:47,18.62,-100.35,71.28,84,32,1.9,scattered clouds,0.0,0.0
526,Ugoofaaru,MV,2019-11-08 05:17:36,5.67,73.0,82.92,70,72,5.82,broken clouds,0.0,0.0
527,Lufilufi,WS,2019-11-08 05:17:36,-13.87,-171.6,86.0,70,75,6.93,broken clouds,0.0,0.0
528,Zhaotong,CN,2019-11-08 05:17:36,27.34,103.71,50.05,84,100,3.6,overcast clouds,0.0,0.0
529,Bireun,ID,2019-11-08 05:17:37,5.2,96.7,75.51,78,100,2.57,light rain,0.44,0.0
530,Obama,JP,2019-11-08 05:17:37,35.49,135.74,54.28,58,47,10.74,scattered clouds,0.0,0.0
531,Westport,US,2019-11-08 05:14:33,41.14,-73.36,42.8,70,90,9.17,light rain,0.0,0.0
532,Coihaique,CL,2019-11-08 05:13:40,-45.58,-72.07,37.4,98,100,1.12,overcast clouds,0.0,0.0
533,Skibbereen,IE,2019-11-08 05:17:37,51.55,-9.27,39.2,93,20,10.29,few clouds,0.0,0.0
534,Mosquera,CO,2019-11-08 05:17:38,4.71,-74.23,55.4,82,40,3.36,scattered clouds,0.0,0.0
535,Lugoba,TZ,2019-11-08 05:17:38,-6.46,38.33,84.04,70,87,1.23,light rain,2.44,0.0
536,Dzaoudzi,YT,2019-11-08 05:17:38,-12.79,45.27,84.2,83,70,6.93,broken clouds,0.0,0.0
537,Lasa,CY,2019-11-08 05:17:38,34.92,32.53,66.2,45,0,9.17,clear sky,0.0,0.0
538,Palmer,AU,2019-11-08 05:15:19,-34.85,139.16,60.8,48,20,21.92,few clouds,0.0,0.0
539,Omsukchan,RU,2019-11-08 05:17:39,62.53,155.8,9.0,97,48,2.62,scattered clouds,0.0,0.0
540,Paso De Los Toros,UY,2019-11-08 05:17:39,-32.81,-56.52,57.43,96,0,11.05,clear sky,0.0,0.0
541,Ulladulla,AU,2019-11-08 05:17:39,-35.36,150.48,75.2,27,80,27.51,light rain,1.06,0.0
542,Flic En Flac,MU,2019-11-08 05:17:39,-20.27,57.36,80.6,65,75,17.22,broken clouds,0.0,0.0
